ts_utc,day,sub_uid,label,equity_now,anchor,daily_pnl
2025-11-01 19:06:04,2025-11-01,302355261,302355261,425.16710603,432.35714772,-7.19004169
2025-11-01 19:06:04,2025-11-01,260417078,260417078,425.16272709,432.71839743,-7.55567034
2025-11-01 19:06:04,2025-11-01,253800120,253800120,426.59994166,432.71839743,-6.11845577
2025-11-01 19:06:04,2025-11-01,152499802,152499802,426.59994166,434.87764318,-8.27770152
2025-11-01 19:06:04,2025-11-01,152305682,152305682,431.27800253,435.95734618,-4.67934365
2025-11-01 19:06:04,2025-11-01,152304954,152304954,431.63453231,434.52662721,-2.89209490
2025-11-01 19:06:04,2025-11-01,65986659,65986659,431.63453231,433.80765585,-2.17312354
2025-11-01 19:06:04,2025-11-01,65986592,65986592,432.35166662,433.80677185,-1.45510523
2025-11-01 19:06:41,2025-11-01,302355261,302355261,426.96880125,432.35714772,-5.38834647
2025-11-01 19:06:41,2025-11-01,260417078,260417078,426.96880125,432.71839743,-5.74959618
2025-11-01 19:06:41,2025-11-01,253800120,253800120,426.60837018,432.71839743,-6.11002725
2025-11-01 19:06:41,2025-11-01,152499802,152499802,428.04839482,434.87764318,-6.82924836
2025-11-01 19:06:41,2025-11-01,152305682,152305682,427.32910225,435.95734618,-8.62824393
2025-11-01 19:06:41,2025-11-01,152304954,152304954,427.32911324,434.52662721,-7.19751397
2025-11-01 19:06:41,2025-11-01,65986659,65986659,427.33122415,433.80765585,-6.47643170
2025-11-01 19:06:41,2025-11-01,65986592,65986592,427.33202770,433.80677185,-6.47474415
2025-11-01 19:07:18,2025-11-01,302355261,302355261,433.06428295,432.35714772,0.70713523
2025-11-01 19:07:18,2025-11-01,260417078,260417078,432.70439062,432.71839743,-0.01400681
2025-11-01 19:07:18,2025-11-01,253800120,253800120,431.98382329,432.71839743,-0.73457414
2025-11-01 19:07:18,2025-11-01,152499802,152499802,430.90412987,434.87764318,-3.97351331
2025-11-01 19:07:18,2025-11-01,152305682,152305682,431.26257468,435.95734618,-4.69477150
2025-11-01 19:07:18,2025-11-01,152304954,152304954,434.13023640,434.52662721,-0.39639081
2025-11-01 19:07:18,2025-11-01,65986659,65986659,434.12987678,433.80765585,0.32222093
2025-11-01 19:07:18,2025-11-01,65986592,65986592,434.13100778,433.80677185,0.32423593
2025-11-01 19:07:56,2025-11-01,302355261,302355261,431.22390896,432.35714772,-1.13323876
2025-11-01 19:07:56,2025-11-01,260417078,260417078,431.22390896,432.71839743,-1.49448847
2025-11-01 19:07:56,2025-11-01,253800120,253800120,431.23081195,432.71839743,-1.48758548
2025-11-01 19:07:56,2025-11-01,152499802,152499802,428.71197056,434.87764318,-6.16567262
2025-11-01 19:07:56,2025-11-01,152305682,152305682,428.71154873,435.95734618,-7.24579745
2025-11-01 19:07:56,2025-11-01,152304954,152304954,429.43174158,434.52662721,-5.09488563
2025-11-01 19:07:56,2025-11-01,65986659,65986659,428.71548038,433.80765585,-5.09217547
2025-11-01 19:07:56,2025-11-01,65986592,65986592,428.35421395,433.80677185,-5.45255790
2025-11-01 19:08:34,2025-11-01,302355261,302355261,440.23849436,432.35714772,7.88134664
2025-11-01 19:08:34,2025-11-01,260417078,260417078,440.24125604,432.71839743,7.52285861
2025-11-01 19:08:34,2025-11-01,253800120,253800120,439.88121837,432.71839743,7.16282094
2025-11-01 19:08:34,2025-11-01,152499802,152499802,439.52130873,434.87764318,4.64366555
2025-11-01 19:08:34,2025-11-01,152305682,152305682,439.51804991,435.95734618,3.56070373
2025-11-01 19:08:34,2025-11-01,152304954,152304954,439.15794215,434.52662721,4.63131494
2025-11-01 19:08:34,2025-11-01,65986659,65986659,439.15794215,433.80765585,5.35028630
2025-11-01 19:08:34,2025-11-01,65986592,65986592,436.99850159,433.80677185,3.19172974
2025-11-01 19:09:11,2025-11-01,302355261,302355261,443.16630239,432.35714772,10.80915467
2025-11-01 19:09:11,2025-11-01,260417078,260417078,443.52691618,432.71839743,10.80851875
2025-11-01 19:09:11,2025-11-01,253800120,253800120,441.36741228,432.71839743,8.64901485
2025-11-01 19:09:11,2025-11-01,152499802,152499802,440.28684585,434.87764318,5.40920267
2025-11-01 19:09:11,2025-11-01,152305682,152305682,440.28684585,435.95734618,4.32949967
2025-11-01 19:09:11,2025-11-01,152304954,152304954,439.92670447,434.52662721,5.40007726
2025-11-01 19:09:11,2025-11-01,65986659,65986659,439.56678640,433.80765585,5.75913055
2025-11-01 19:09:11,2025-11-01,65986592,65986592,439.92690910,433.80677185,6.12013725
2025-11-01 19:09:49,2025-11-01,302355261,302355261,437.04451141,432.35714772,4.68736369
2025-11-01 19:09:49,2025-11-01,260417078,260417078,434.52446202,432.71839743,1.80606459
2025-11-01 19:09:49,2025-11-01,253800120,253800120,433.08057456,432.71839743,0.36217713
2025-11-01 19:09:49,2025-11-01,152499802,152499802,433.08065195,434.87764318,-1.79699123
2025-11-01 19:09:49,2025-11-01,152305682,152305682,430.92319554,435.95734618,-5.03415064
2025-11-01 19:09:49,2025-11-01,152304954,152304954,431.28194393,434.52662721,-3.24468328
2025-11-01 19:09:49,2025-11-01,65986659,65986659,431.28194393,433.80765585,-2.52571192
2025-11-01 19:09:49,2025-11-01,65986592,65986592,429.84159313,433.80677185,-3.96517872
2025-11-01 19:10:27,2025-11-01,302355261,302355261,431.30070748,432.35714772,-1.05644024
2025-11-01 19:10:27,2025-11-01,260417078,260417078,431.30024827,432.71839743,-1.41814916
2025-11-01 19:10:27,2025-11-01,253800120,253800120,430.58027807,432.71839743,-2.13811936
2025-11-01 19:10:27,2025-11-01,152499802,152499802,430.58027807,434.87764318,-4.29736511
2025-11-01 19:10:27,2025-11-01,152305682,152305682,431.30007143,435.95734618,-4.65727475
2025-11-01 19:10:27,2025-11-01,152304954,152304954,431.30111615,434.52662721,-3.22551106
2025-11-01 19:10:27,2025-11-01,65986659,65986659,430.94215647,433.80765585,-2.86549938
2025-11-01 19:10:27,2025-11-01,65986592,65986592,431.30194751,433.80677185,-2.50482434
2025-11-01 19:11:04,2025-11-01,302355261,302355261,438.15221098,432.35714772,5.79506326
2025-11-01 19:11:04,2025-11-01,260417078,260417078,438.15221019,432.71839743,5.43381276
2025-11-01 19:11:04,2025-11-01,253800120,253800120,437.79171233,432.71839743,5.07331490
2025-11-01 19:11:04,2025-11-01,152499802,152499802,433.83277835,434.87764318,-1.04486483
2025-11-01 19:11:04,2025-11-01,152305682,152305682,433.83255691,435.95734618,-2.12478927
2025-11-01 19:11:04,2025-11-01,152304954,152304954,433.11357615,434.52662721,-1.41305106
2025-11-01 19:11:04,2025-11-01,65986659,65986659,427.71234814,433.80765585,-6.09530771
2025-11-01 19:11:04,2025-11-01,65986592,65986592,427.70758903,433.80677185,-6.09918282
2025-11-01 19:11:41,2025-11-01,302355261,302355261,435.26951201,432.35714772,2.91236429
2025-11-01 19:11:41,2025-11-01,260417078,260417078,434.55046434,432.71839743,1.83206691
2025-11-01 19:11:41,2025-11-01,253800120,253800120,435.62603870,432.71839743,2.90764127
2025-11-01 19:11:41,2025-11-01,152499802,152499802,435.95996751,434.87764318,1.08232433
2025-11-01 19:11:41,2025-11-01,152305682,152305682,435.96096985,435.95734618,0.00362367
2025-11-01 19:11:41,2025-11-01,152304954,152304954,435.96096985,434.52662721,1.43434264
2025-11-01 19:11:41,2025-11-01,65986659,65986659,439.21329619,433.80765585,5.40564034
2025-11-01 19:11:41,2025-11-01,65986592,65986592,438.13356607,433.80677185,4.32679422
2025-11-01 19:12:19,2025-11-01,302355261,302355261,431.65509913,432.35714772,-0.70204859
2025-11-01 19:12:19,2025-11-01,260417078,260417078,431.65509913,432.71839743,-1.06329830
2025-11-01 19:12:19,2025-11-01,253800120,253800120,429.13474565,432.71839743,-3.58365178
2025-11-01 19:12:19,2025-11-01,152499802,152499802,425.53545658,434.87764318,-9.34218660
2025-11-01 19:12:19,2025-11-01,152305682,152305682,426.25391761,435.95734618,-9.70342857
2025-11-01 19:12:19,2025-11-01,152304954,152304954,427.33423628,434.52662721,-7.19239093
2025-11-01 19:12:19,2025-11-01,65986659,65986659,427.69415437,433.80765585,-6.11350148
2025-11-01 19:12:19,2025-11-01,65986592,65986592,427.69312426,433.80677185,-6.11364759
2025-11-01 19:12:57,2025-11-01,302355261,302355261,431.28419244,432.35714772,-1.07295528
2025-11-01 19:12:57,2025-11-01,260417078,260417078,430.92405738,432.71839743,-1.79434005
2025-11-01 19:12:57,2025-11-01,253800120,253800120,431.28419259,432.71839743,-1.43420484
2025-11-01 19:12:57,2025-11-01,152499802,152499802,431.28419259,434.87764318,-3.59345059
2025-11-01 19:12:57,2025-11-01,152305682,152305682,427.68189628,435.95734618,-8.27544990
2025-11-01 19:12:57,2025-11-01,152304954,152304954,427.68189628,434.52662721,-6.84473093
2025-11-01 19:12:57,2025-11-01,65986659,65986659,428.40093097,433.80765585,-5.40672488
2025-11-01 19:12:57,2025-11-01,65986592,65986592,429.12130006,433.80677185,-4.68547179
2025-11-01 19:13:34,2025-11-01,302355261,302355261,417.59390571,432.35714772,-14.76324201
2025-11-01 19:13:34,2025-11-01,260417078,260417078,417.59379579,432.71839743,-15.12460164
2025-11-01 19:13:34,2025-11-01,253800120,253800120,419.03336300,432.71839743,-13.68503443
2025-11-01 19:13:34,2025-11-01,152499802,152499802,419.03347481,434.87764318,-15.84416837
2025-11-01 19:13:34,2025-11-01,152305682,152305682,419.03347481,435.95734618,-16.92387137
2025-11-01 19:13:34,2025-11-01,152304954,152304954,417.95989108,434.52662721,-16.56673613
2025-11-01 19:13:34,2025-11-01,65986659,65986659,417.95915518,433.80765585,-15.84850067
2025-11-01 19:13:34,2025-11-01,65986592,65986592,417.95915518,433.80677185,-15.84761667
2025-11-01 19:14:12,2025-11-01,302355261,302355261,433.42428410,432.35714772,1.06713638
2025-11-01 19:14:12,2025-11-01,260417078,260417078,433.42529272,432.71839743,0.70689529
2025-11-01 19:14:12,2025-11-01,253800120,253800120,433.42738926,432.71839743,0.70899183
2025-11-01 19:14:12,2025-11-01,152499802,152499802,433.42738926,434.87764318,-1.45025392
2025-11-01 19:14:12,2025-11-01,152305682,152305682,433.06486394,435.95734618,-2.89248224
2025-11-01 19:14:12,2025-11-01,152304954,152304954,433.06312563,434.52662721,-1.46350158
2025-11-01 19:14:12,2025-11-01,65986659,65986659,433.06193347,433.80765585,-0.74572238
2025-11-01 19:14:12,2025-11-01,65986592,65986592,433.06193347,433.80677185,-0.74483838
2025-11-01 19:14:49,2025-11-01,302355261,302355261,436.30125993,432.35714772,3.94411221
2025-11-01 19:14:49,2025-11-01,260417078,260417078,438.47375301,432.71839743,5.75535558
2025-11-01 19:14:49,2025-11-01,253800120,253800120,439.91233382,432.71839743,7.19393639
2025-11-01 19:14:49,2025-11-01,152499802,152499802,441.35114582,434.87764318,6.47350264
2025-11-01 19:14:49,2025-11-01,152305682,152305682,441.35192506,435.95734618,5.39457888
2025-11-01 19:14:49,2025-11-01,152304954,152304954,441.35192664,434.52662721,6.82529943
2025-11-01 19:14:49,2025-11-01,65986659,65986659,440.99211134,433.80765585,7.18445549
2025-11-01 19:14:49,2025-11-01,65986592,65986592,441.35308451,433.80677185,7.54631266
2025-11-01 19:15:27,2025-11-01,302355261,302355261,458.28954808,432.35714772,25.93240036
2025-11-01 19:15:27,2025-11-01,260417078,260417078,457.56983616,432.71839743,24.85143873
2025-11-01 19:15:27,2025-11-01,253800120,253800120,456.84943412,432.71839743,24.13103669
2025-11-01 19:15:27,2025-11-01,152499802,152499802,456.85003194,434.87764318,21.97238876
2025-11-01 19:15:27,2025-11-01,152305682,152305682,457.92953792,435.95734618,21.97219174
2025-11-01 19:15:27,2025-11-01,152304954,152304954,459.01928047,434.52662721,24.49265326
2025-11-01 19:15:27,2025-11-01,65986659,65986659,457.94572810,433.80765585,24.13807225
2025-11-01 19:15:27,2025-11-01,65986592,65986592,457.94700340,433.80677185,24.14023155
2025-11-01 19:16:04,2025-11-01,302355261,302355261,441.05635913,432.35714772,8.69921141
2025-11-01 19:16:04,2025-11-01,260417078,260417078,438.53645394,432.71839743,5.81805651
2025-11-01 19:16:04,2025-11-01,253800120,253800120,437.44841585,432.71839743,4.73001842
2025-11-01 19:16:04,2025-11-01,152499802,152499802,437.45403181,434.87764318,2.57638863
2025-11-01 19:16:04,2025-11-01,152305682,152305682,434.21538572,435.95734618,-1.74196046
2025-11-01 19:16:04,2025-11-01,152304954,152304954,434.20986961,434.52662721,-0.31675760
2025-11-01 19:16:04,2025-11-01,65986659,65986659,437.09030785,433.80765585,3.28265200
2025-11-01 19:16:04,2025-11-01,65986592,65986592,436.72992848,433.80677185,2.92315663
2025-11-01 19:16:42,2025-11-01,302355261,302355261,431.32207649,432.35714772,-1.03507123
2025-11-01 19:16:42,2025-11-01,260417078,260417078,431.32208590,432.71839743,-1.39631153
2025-11-01 19:16:42,2025-11-01,253800120,253800120,431.32210693,432.71839743,-1.39629050
2025-11-01 19:16:42,2025-11-01,152499802,152499802,431.32240797,434.87764318,-3.55523521
2025-11-01 19:16:42,2025-11-01,152305682,152305682,431.68230681,435.95734618,-4.27503937
2025-11-01 19:16:42,2025-11-01,152304954,152304954,431.68062190,434.52662721,-2.84600531
2025-11-01 19:16:42,2025-11-01,65986659,65986659,431.68049822,433.80765585,-2.12715763
2025-11-01 19:16:42,2025-11-01,65986592,65986592,433.48087967,433.80677185,-0.32589218
2025-11-01 19:17:20,2025-11-01,302355261,302355261,437.42764405,432.35714772,5.07049633
2025-11-01 19:17:20,2025-11-01,260417078,260417078,436.34734768,432.71839743,3.62895025
2025-11-01 19:17:20,2025-11-01,253800120,253800120,435.62757432,432.71839743,2.90917689
2025-11-01 19:17:20,2025-11-01,152499802,152499802,435.63896137,434.87764318,0.76131819
2025-11-01 19:17:20,2025-11-01,152305682,152305682,435.63896073,435.95734618,-0.31838545
2025-11-01 19:17:20,2025-11-01,152304954,152304954,440.67603776,434.52662721,6.14941055
2025-11-01 19:17:20,2025-11-01,65986659,65986659,440.67633800,433.80765585,6.86868215
2025-11-01 19:17:20,2025-11-01,65986592,65986592,440.67633800,433.80677185,6.86956615
2025-11-01 19:17:57,2025-11-01,302355261,302355261,428.43607621,432.35714772,-3.92107151
2025-11-01 19:17:57,2025-11-01,260417078,260417078,427.35597763,432.71839743,-5.36241980
2025-11-01 19:17:57,2025-11-01,253800120,253800120,427.34093819,432.71839743,-5.37745924
2025-11-01 19:17:57,2025-11-01,152499802,152499802,429.14229348,434.87764318,-5.73534970
2025-11-01 19:17:57,2025-11-01,152305682,152305682,429.14229348,435.95734618,-6.81505270
2025-11-01 19:17:57,2025-11-01,152304954,152304954,429.50306589,434.52662721,-5.02356132
2025-11-01 19:17:57,2025-11-01,65986659,65986659,429.50293004,433.80765585,-4.30472581
2025-11-01 19:17:57,2025-11-01,65986592,65986592,430.58015478,433.80677185,-3.22661707
2025-11-01 19:18:35,2025-11-01,302355261,302355261,397.81357011,432.35714772,-34.54357761
2025-11-01 19:18:35,2025-11-01,260417078,260417078,398.89321848,432.71839743,-33.82517895
2025-11-01 19:18:35,2025-11-01,253800120,253800120,399.25279825,432.71839743,-33.46559918
2025-11-01 19:18:35,2025-11-01,152499802,152499802,399.25172833,434.87764318,-35.62591485
2025-11-01 19:18:35,2025-11-01,152305682,152305682,396.37654773,435.95734618,-39.58079845
2025-11-01 19:18:35,2025-11-01,152304954,152304954,396.01698978,434.52662721,-38.50963743
2025-11-01 19:18:35,2025-11-01,65986659,65986659,395.66023974,433.80765585,-38.14741611
2025-11-01 19:18:35,2025-11-01,65986592,65986592,394.94105614,433.80677185,-38.86571571
2025-11-01 19:19:13,2025-11-01,302355261,302355261,409.70447339,432.35714772,-22.65267433
2025-11-01 19:19:13,2025-11-01,260417078,260417078,403.94625300,432.71839743,-28.77214443
2025-11-01 19:19:13,2025-11-01,253800120,253800120,401.06714202,432.71839743,-31.65125541
2025-11-01 19:19:13,2025-11-01,152499802,152499802,396.74885759,434.87764318,-38.12878559
2025-11-01 19:19:13,2025-11-01,152305682,152305682,391.70965642,435.95734618,-44.24768976
2025-11-01 19:19:13,2025-11-01,152304954,152304954,391.71001322,434.52662721,-42.81661399
2025-11-01 19:19:13,2025-11-01,65986659,65986659,396.38943688,433.80765585,-37.41821897
2025-11-01 19:19:13,2025-11-01,65986592,65986592,394.61337403,433.80677185,-39.19339782
2025-11-01 19:19:50,2025-11-01,302355261,302355261,404.72115461,432.35714772,-27.63599311
2025-11-01 19:19:50,2025-11-01,260417078,260417078,404.72094647,432.71839743,-27.99745096
2025-11-01 19:19:50,2025-11-01,253800120,253800120,405.08227966,432.71839743,-27.63611777
2025-11-01 19:19:50,2025-11-01,152499802,152499802,404.36296254,434.87764318,-30.51468064
2025-11-01 19:19:50,2025-11-01,152305682,152305682,401.12415486,435.95734618,-34.83319132
2025-11-01 19:19:50,2025-11-01,152304954,152304954,400.76596893,434.52662721,-33.76065828
2025-11-01 19:19:50,2025-11-01,65986659,65986659,401.48612664,433.80765585,-32.32152921
2025-11-01 19:19:50,2025-11-01,65986592,65986592,401.12426763,433.80677185,-32.68250422
2025-11-01 19:20:28,2025-11-01,302355261,302355261,403.72619795,432.35714772,-28.63094977
2025-11-01 19:20:28,2025-11-01,260417078,260417078,400.84670830,432.71839743,-31.87168913
2025-11-01 19:20:28,2025-11-01,253800120,253800120,400.84655051,432.71839743,-31.87184692
2025-11-01 19:20:28,2025-11-01,152499802,152499802,397.96589133,434.87764318,-36.91175185
2025-11-01 19:20:28,2025-11-01,152305682,152305682,398.32648275,435.95734618,-37.63086343
2025-11-01 19:20:28,2025-11-01,152304954,152304954,398.32586509,434.52662721,-36.20076212
2025-11-01 19:20:28,2025-11-01,65986659,65986659,397.60609390,433.80765585,-36.20156195
2025-11-01 19:20:28,2025-11-01,65986592,65986592,397.24450407,433.80677185,-36.56226778
2025-11-01 19:21:05,2025-11-01,302355261,302355261,392.99638521,432.35714772,-39.36076251
2025-11-01 19:21:05,2025-11-01,260417078,260417078,393.35509726,432.71839743,-39.36330017
2025-11-01 19:21:05,2025-11-01,253800120,253800120,395.15717953,432.71839743,-37.56121790
2025-11-01 19:21:05,2025-11-01,152499802,152499802,392.98100969,434.87764318,-41.89663349
2025-11-01 19:21:05,2025-11-01,152305682,152305682,388.66210895,435.95734618,-47.29523723
2025-11-01 19:21:05,2025-11-01,152304954,152304954,388.66210895,434.52662721,-45.86451826
2025-11-01 19:21:05,2025-11-01,65986659,65986659,388.66377355,433.80765585,-45.14388230
2025-11-01 19:21:05,2025-11-01,65986592,65986592,388.66235676,433.80677185,-45.14441509
2025-11-01 19:21:43,2025-11-01,302355261,302355261,378.90773218,432.35714772,-53.44941554
2025-11-01 19:21:43,2025-11-01,260417078,260417078,378.18797638,432.71839743,-54.53042105
2025-11-01 19:21:43,2025-11-01,253800120,253800120,378.18797638,432.71839743,-54.53042105
2025-11-01 19:21:43,2025-11-01,152499802,152499802,379.26762538,434.87764318,-55.61001780
2025-11-01 19:21:43,2025-11-01,152305682,152305682,378.54765428,435.95734618,-57.40969190
2025-11-01 19:21:43,2025-11-01,152304954,152304954,381.06664802,434.52662721,-53.45997919
2025-11-01 19:21:43,2025-11-01,65986659,65986659,381.06664802,433.80765585,-52.74100783
2025-11-01 19:21:43,2025-11-01,65986592,65986592,380.70648283,433.80677185,-53.10028902
2025-11-01 19:22:21,2025-11-01,302355261,302355261,389.31373077,432.35714772,-43.04341695
2025-11-01 19:22:21,2025-11-01,260417078,260417078,389.31214684,432.71839743,-43.40625059
2025-11-01 19:22:21,2025-11-01,253800120,253800120,389.67203185,432.71839743,-43.04636558
2025-11-01 19:22:21,2025-11-01,152499802,152499802,390.02961119,434.87764318,-44.84803199
2025-11-01 19:22:21,2025-11-01,152305682,152305682,387.50837934,435.95734618,-48.44896684
2025-11-01 19:22:21,2025-11-01,152304954,152304954,387.86825131,434.52662721,-46.65837590
2025-11-01 19:22:21,2025-11-01,65986659,65986659,387.86825131,433.80765585,-45.93940454
2025-11-01 19:22:21,2025-11-01,65986592,65986592,387.86670787,433.80677185,-45.94006398
2025-11-01 19:22:58,2025-11-01,302355261,302355261,381.35669527,432.35714772,-51.00045245
2025-11-01 19:22:58,2025-11-01,260417078,260417078,381.35736682,432.71839743,-51.36103061
2025-11-01 19:22:58,2025-11-01,253800120,253800120,383.51660706,432.71839743,-49.20179037
2025-11-01 19:22:58,2025-11-01,152499802,152499802,383.51690504,434.87764318,-51.36073814
2025-11-01 19:22:58,2025-11-01,152305682,152305682,384.23696754,435.95734618,-51.72037864
2025-11-01 19:22:58,2025-11-01,152304954,152304954,385.67631356,434.52662721,-48.85031365
2025-11-01 19:22:58,2025-11-01,65986659,65986659,385.67631356,433.80765585,-48.13134229
2025-11-01 19:22:58,2025-11-01,65986592,65986592,385.67614406,433.80677185,-48.13062779
2025-11-01 19:23:36,2025-11-01,302355261,302355261,389.98324285,432.35714772,-42.37390487
2025-11-01 19:23:36,2025-11-01,260417078,260417078,388.54410511,432.71839743,-44.17429232
2025-11-01 19:23:36,2025-11-01,253800120,253800120,389.98369183,432.71839743,-42.73470560
2025-11-01 19:23:36,2025-11-01,152499802,152499802,389.98370141,434.87764318,-44.89394177
2025-11-01 19:23:36,2025-11-01,152305682,152305682,389.98370141,435.95734618,-45.97364477
2025-11-01 19:23:36,2025-11-01,152304954,152304954,389.98349174,434.52662721,-44.54313547
2025-11-01 19:23:36,2025-11-01,65986659,65986659,389.98348890,433.80765585,-43.82416695
2025-11-01 19:23:36,2025-11-01,65986592,65986592,389.98307807,433.80677185,-43.82369378
2025-11-01 19:24:14,2025-11-01,302355261,302355261,394.70241547,432.35714772,-37.65473225
2025-11-01 19:24:14,2025-11-01,260417078,260417078,391.46344027,432.71839743,-41.25495716
2025-11-01 19:24:14,2025-11-01,253800120,253800120,391.46420018,432.71839743,-41.25419725
2025-11-01 19:24:14,2025-11-01,152499802,152499802,391.46420033,434.87764318,-43.41344285
2025-11-01 19:24:14,2025-11-01,152305682,152305682,391.46277272,435.95734618,-44.49457346
2025-11-01 19:24:14,2025-11-01,152304954,152304954,391.10288884,434.52662721,-43.42373837
2025-11-01 19:24:14,2025-11-01,65986659,65986659,388.22418791,433.80765585,-45.58346794
2025-11-01 19:24:14,2025-11-01,65986592,65986592,388.58522839,433.80677185,-45.22154346
2025-11-01 19:24:51,2025-11-01,302355261,302355261,414.88772708,432.35714772,-17.46942064
2025-11-01 19:24:51,2025-11-01,260417078,260417078,413.80725855,432.71839743,-18.91113888
2025-11-01 19:24:51,2025-11-01,253800120,253800120,413.80643296,432.71839743,-18.91196447
2025-11-01 19:24:51,2025-11-01,152499802,152499802,417.40689087,434.87764318,-17.47075231
2025-11-01 19:24:51,2025-11-01,152305682,152305682,414.88760970,435.95734618,-21.06973648
2025-11-01 19:24:51,2025-11-01,152304954,152304954,415.24750710,434.52662721,-19.27912011
2025-11-01 19:24:51,2025-11-01,65986659,65986659,413.44801837,433.80765585,-20.35963748
2025-11-01 19:24:51,2025-11-01,65986592,65986592,413.44801837,433.80677185,-20.35875348
2025-11-01 19:25:29,2025-11-01,302355261,302355261,412.78119734,432.35714772,-19.57595038
2025-11-01 19:25:29,2025-11-01,260417078,260417078,412.78140287,432.71839743,-19.93699456
2025-11-01 19:25:29,2025-11-01,253800120,253800120,418.17920322,432.71839743,-14.53919421
2025-11-01 19:25:29,2025-11-01,152499802,152499802,418.17890218,434.87764318,-16.69874100
2025-11-01 19:25:29,2025-11-01,152305682,152305682,417.45881034,435.95734618,-18.49853584
2025-11-01 19:25:29,2025-11-01,152304954,152304954,417.45958207,434.52662721,-17.06704514
2025-11-01 19:25:29,2025-11-01,65986659,65986659,424.65704632,433.80765585,-9.15060953
2025-11-01 19:25:29,2025-11-01,65986592,65986592,425.37685404,433.80677185,-8.42991781
2025-11-01 19:26:07,2025-11-01,302355261,302355261,414.19494983,432.35714772,-18.16219789
2025-11-01 19:26:07,2025-11-01,260417078,260417078,414.19494983,432.71839743,-18.52344760
2025-11-01 19:26:07,2025-11-01,253800120,253800120,417.43388972,432.71839743,-15.28450771
2025-11-01 19:26:07,2025-11-01,152499802,152499802,419.23389133,434.87764318,-15.64375185
2025-11-01 19:26:07,2025-11-01,152305682,152305682,419.23374956,435.95734618,-16.72359662
2025-11-01 19:26:07,2025-11-01,152304954,152304954,421.75304049,434.52662721,-12.77358672
2025-11-01 19:26:07,2025-11-01,65986659,65986659,421.75303608,433.80765585,-12.05461977
2025-11-01 19:26:07,2025-11-01,65986592,65986592,419.59365137,433.80677185,-14.21312048
2025-11-01 19:26:45,2025-11-01,302355261,302355261,428.95452924,432.35714772,-3.40261848
2025-11-01 19:26:45,2025-11-01,260417078,260417078,429.67355921,432.71839743,-3.04483822
2025-11-01 19:26:45,2025-11-01,253800120,253800120,428.95373594,432.71839743,-3.76466149
2025-11-01 19:26:45,2025-11-01,152499802,152499802,428.95464095,434.87764318,-5.92300223
2025-11-01 19:26:45,2025-11-01,152305682,152305682,429.31483974,435.95734618,-6.64250644
2025-11-01 19:26:45,2025-11-01,152304954,152304954,428.59504485,434.52662721,-5.93158236
2025-11-01 19:26:45,2025-11-01,65986659,65986659,427.51447085,433.80765585,-6.29318500
2025-11-01 19:26:45,2025-11-01,65986592,65986592,427.51447085,433.80677185,-6.29230100
2025-11-01 19:27:22,2025-11-01,302355261,302355261,444.07455047,432.35714772,11.71740275
2025-11-01 19:27:22,2025-11-01,260417078,260417078,442.99560722,432.71839743,10.27720979
2025-11-01 19:27:22,2025-11-01,253800120,253800120,443.35530359,432.71839743,10.63690616
2025-11-01 19:27:22,2025-11-01,152499802,152499802,444.07502415,434.87764318,9.19738097
2025-11-01 19:27:22,2025-11-01,152305682,152305682,444.43493019,435.95734618,8.47758401
2025-11-01 19:27:22,2025-11-01,152304954,152304954,444.43492846,434.52662721,9.90830125
2025-11-01 19:27:22,2025-11-01,65986659,65986659,444.43492846,433.80765585,10.62727261
2025-11-01 19:27:22,2025-11-01,65986592,65986592,444.43492846,433.80677185,10.62815661
2025-11-01 19:27:59,2025-11-01,302355261,302355261,476.20081213,432.35714772,43.84366441
2025-11-01 19:27:59,2025-11-01,260417078,260417078,476.20050372,432.71839743,43.48210629
2025-11-01 19:27:59,2025-11-01,253800120,253800120,474.51971818,432.71839743,41.80132075
2025-11-01 19:27:59,2025-11-01,152499802,152499802,475.77992317,434.87764318,40.90227999
2025-11-01 19:27:59,2025-11-01,152305682,152305682,475.77992317,435.95734618,39.82257699
2025-11-01 19:27:59,2025-11-01,152304954,152304954,473.68311119,434.52662721,39.15648398
2025-11-01 19:27:59,2025-11-01,65986659,65986659,473.68454810,433.80765585,39.87689225
2025-11-01 19:27:59,2025-11-01,65986592,65986592,474.94634357,433.80677185,41.13957172
2025-11-01 19:28:37,2025-11-01,302355261,302355261,491.32214567,432.35714772,58.96499795
2025-11-01 19:28:37,2025-11-01,260417078,260417078,491.31952884,432.71839743,58.60113141
2025-11-01 19:28:37,2025-11-01,253800120,253800120,492.15645470,432.71839743,59.43805727
2025-11-01 19:28:37,2025-11-01,152499802,152499802,495.93547505,434.87764318,61.05783187
2025-11-01 19:28:37,2025-11-01,152305682,152305682,495.93547505,435.95734618,59.97812887
2025-11-01 19:28:37,2025-11-01,152304954,152304954,495.09569261,434.52662721,60.56906540
2025-11-01 19:28:37,2025-11-01,65986659,65986659,493.83550557,433.80765585,60.02784972
2025-11-01 19:28:37,2025-11-01,65986592,65986592,492.57504715,433.80677185,58.76827530
2025-11-01 19:29:15,2025-11-01,302355261,302355261,519.81574631,432.35714772,87.45859859
2025-11-01 19:29:15,2025-11-01,260417078,260417078,519.81574631,432.71839743,87.09734888
2025-11-01 19:29:15,2025-11-01,253800120,253800120,519.45507012,432.71839743,86.73667269
2025-11-01 19:29:15,2025-11-01,152499802,152499802,520.89510558,434.87764318,86.01746240
2025-11-01 19:29:15,2025-11-01,152305682,152305682,521.25460851,435.95734618,85.29726233
2025-11-01 19:29:15,2025-11-01,152304954,152304954,520.89556745,434.52662721,86.36894024
2025-11-01 19:29:15,2025-11-01,65986659,65986659,518.73614712,433.80765585,84.92849127
2025-11-01 19:29:15,2025-11-01,65986592,65986592,518.37624281,433.80677185,84.56947096
2025-11-01 19:29:53,2025-11-01,302355261,302355261,514.70141701,432.35714772,82.34426929
2025-11-01 19:29:53,2025-11-01,260417078,260417078,515.06175710,432.71839743,82.34335967
2025-11-01 19:29:53,2025-11-01,253800120,253800120,514.34199758,432.71839743,81.62360015
2025-11-01 19:29:53,2025-11-01,152499802,152499802,511.46875559,434.87764318,76.59111241
2025-11-01 19:29:53,2025-11-01,152305682,152305682,511.46875559,435.95734618,75.51140941
2025-11-01 19:29:53,2025-11-01,152304954,152304954,512.90327994,434.52662721,78.37665273
2025-11-01 19:29:53,2025-11-01,65986659,65986659,513.61990803,433.80765585,79.81225218
2025-11-01 19:29:53,2025-11-01,65986592,65986592,513.97981018,433.80677185,80.17303833
2025-11-01 19:30:30,2025-11-01,302355261,302355261,499.92371318,432.35714772,67.56656546
2025-11-01 19:30:30,2025-11-01,260417078,260417078,499.92295792,432.71839743,67.20456049
2025-11-01 19:30:30,2025-11-01,253800120,253800120,499.92295792,432.71839743,67.20456049
2025-11-01 19:30:30,2025-11-01,152499802,152499802,499.20226956,434.87764318,64.32462638
2025-11-01 19:30:30,2025-11-01,152305682,152305682,498.84256326,435.95734618,62.88521708
2025-11-01 19:30:30,2025-11-01,152304954,152304954,498.84211782,434.52662721,64.31549061
2025-11-01 19:30:30,2025-11-01,65986659,65986659,498.84209514,433.80765585,65.03443929
2025-11-01 19:30:30,2025-11-01,65986592,65986592,496.68259141,433.80677185,62.87581956
2025-11-01 19:31:08,2025-11-01,302355261,302355261,530.16388573,432.35714772,97.80673801
2025-11-01 19:31:08,2025-11-01,260417078,260417078,530.52377516,432.71839743,97.80537773
2025-11-01 19:31:08,2025-11-01,253800120,253800120,528.00459409,432.71839743,95.28619666
2025-11-01 19:31:08,2025-11-01,152499802,152499802,530.15860189,434.87764318,95.28095871
2025-11-01 19:31:08,2025-11-01,152305682,152305682,530.15860189,435.95734618,94.20125571
2025-11-01 19:31:08,2025-11-01,152304954,152304954,526.91935758,434.52662721,92.39273037
2025-11-01 19:31:08,2025-11-01,65986659,65986659,526.56181628,433.80765585,92.75416043
2025-11-01 19:31:08,2025-11-01,65986592,65986592,528.72153037,433.80677185,94.91475852
2025-11-01 19:31:46,2025-11-01,302355261,302355261,537.23228016,432.35714772,104.87513244
2025-11-01 19:31:46,2025-11-01,260417078,260417078,537.23228016,432.71839743,104.51388273
2025-11-01 19:31:46,2025-11-01,253800120,253800120,533.03328540,432.71839743,100.31488797
2025-11-01 19:31:46,2025-11-01,152499802,152499802,533.44920932,434.87764318,98.57156614
2025-11-01 19:31:46,2025-11-01,152305682,152305682,530.92732445,435.95734618,94.96997827
2025-11-01 19:31:46,2025-11-01,152304954,152304954,531.77139496,434.52662721,97.24476775
2025-11-01 19:31:46,2025-11-01,65986659,65986659,529.25130842,433.80765585,95.44365257
2025-11-01 19:31:46,2025-11-01,65986592,65986592,524.62805940,433.80677185,90.82128755
2025-11-01 19:32:23,2025-11-01,302355261,302355261,492.27615845,432.35714772,59.91901073
2025-11-01 19:32:23,2025-11-01,260417078,260417078,493.95563499,432.71839743,61.23723756
2025-11-01 19:32:23,2025-11-01,253800120,253800120,491.43556637,432.71839743,58.71716894
2025-11-01 19:32:23,2025-11-01,152499802,152499802,487.23715374,434.87764318,52.35951056
2025-11-01 19:32:23,2025-11-01,152305682,152305682,487.23136858,435.95734618,51.27402240
2025-11-01 19:32:23,2025-11-01,152304954,152304954,478.83305698,434.52662721,44.30642977
2025-11-01 19:32:23,2025-11-01,65986659,65986659,478.83305698,433.80765585,45.02540113
2025-11-01 19:32:23,2025-11-01,65986592,65986592,478.83383879,433.80677185,45.02706694
2025-11-01 19:33:00,2025-11-01,302355261,302355261,483.78041816,432.35714772,51.42327044
2025-11-01 19:33:00,2025-11-01,260417078,260417078,486.31454425,432.71839743,53.59614682
2025-11-01 19:33:00,2025-11-01,253800120,253800120,486.73607473,432.71839743,54.01767730
2025-11-01 19:33:00,2025-11-01,152499802,152499802,484.63759826,434.87764318,49.75995508
2025-11-01 19:33:00,2025-11-01,152305682,152305682,485.47636001,435.95734618,49.51901383
2025-11-01 19:33:00,2025-11-01,152304954,152304954,485.47930868,434.52662721,50.95268147
2025-11-01 19:33:00,2025-11-01,65986659,65986659,487.16808354,433.80765585,53.36042769
2025-11-01 19:33:00,2025-11-01,65986592,65986592,488.00731472,433.80677185,54.20054287
2025-11-01 19:33:38,2025-11-01,302355261,302355261,502.32083814,432.35714772,69.96369042
2025-11-01 19:33:38,2025-11-01,260417078,260417078,500.64112598,432.71839743,67.92272855
2025-11-01 19:33:38,2025-11-01,253800120,253800120,501.06099608,432.71839743,68.34259865
2025-11-01 19:33:38,2025-11-01,152499802,152499802,503.57997684,434.87764318,68.70233366
2025-11-01 19:33:38,2025-11-01,152305682,152305682,508.19943187,435.95734618,72.24208569
2025-11-01 19:33:38,2025-11-01,152304954,152304954,507.77935119,434.52662721,73.25272398
2025-11-01 19:33:38,2025-11-01,65986659,65986659,507.77905926,433.80765585,73.97140341
2025-11-01 19:33:38,2025-11-01,65986592,65986592,508.61834932,433.80677185,74.81157747
2025-11-01 19:34:16,2025-11-01,302355261,302355261,511.16725095,432.35714772,78.81010323
2025-11-01 19:34:16,2025-11-01,260417078,260417078,509.90579885,432.71839743,77.18740142
2025-11-01 19:34:16,2025-11-01,253800120,253800120,509.06530951,432.71839743,76.34691208
2025-11-01 19:34:16,2025-11-01,152499802,152499802,508.64538209,434.87764318,73.76773891
2025-11-01 19:34:16,2025-11-01,152305682,152305682,510.74606462,435.95734618,74.78871844
2025-11-01 19:34:16,2025-11-01,152304954,152304954,509.48779692,434.52662721,74.96116971
2025-11-01 19:34:16,2025-11-01,65986659,65986659,509.48779692,433.80765585,75.68014107
2025-11-01 19:34:16,2025-11-01,65986592,65986592,509.49338177,433.80677185,75.68660992
2025-11-01 19:34:54,2025-11-01,302355261,302355261,527.54522207,432.35714772,95.18807435
2025-11-01 19:34:54,2025-11-01,260417078,260417078,528.38541952,432.71839743,95.66702209
2025-11-01 19:34:54,2025-11-01,253800120,253800120,527.12570896,432.71839743,94.40731153
2025-11-01 19:34:54,2025-11-01,152499802,152499802,522.50561889,434.87764318,87.62797571
2025-11-01 19:34:54,2025-11-01,152305682,152305682,516.62560657,435.95734618,80.66826039
2025-11-01 19:34:54,2025-11-01,152304954,152304954,516.62510523,434.52662721,82.09847802
2025-11-01 19:34:54,2025-11-01,65986659,65986659,519.15198678,433.80765585,85.34433093
2025-11-01 19:34:54,2025-11-01,65986592,65986592,528.38288836,433.80677185,94.57611651
2025-11-01 19:35:32,2025-11-01,302355261,302355261,502.76951796,432.35714772,70.41237024
2025-11-01 19:35:32,2025-11-01,260417078,260417078,501.08952896,432.71839743,68.37113153
2025-11-01 19:35:32,2025-11-01,253800120,253800120,500.24956926,432.71839743,67.53117183
2025-11-01 19:35:32,2025-11-01,152499802,152499802,496.05108417,434.87764318,61.17344099
2025-11-01 19:35:32,2025-11-01,152305682,152305682,491.83004664,435.95734618,55.87270046
2025-11-01 19:35:32,2025-11-01,152304954,152304954,490.57363698,434.52662721,56.04700977
2025-11-01 19:35:32,2025-11-01,65986659,65986659,491.83340661,433.80765585,58.02575076
2025-11-01 19:35:32,2025-11-01,65986592,65986592,491.41135494,433.80677185,57.60458309
2025-11-01 19:36:10,2025-11-01,302355261,302355261,485.55862020,432.35714772,53.20147248
2025-11-01 19:36:10,2025-11-01,260417078,260417078,483.03914556,432.71839743,50.32074813
2025-11-01 19:36:10,2025-11-01,253800120,253800120,482.19946419,432.71839743,49.48106676
2025-11-01 19:36:10,2025-11-01,152499802,152499802,482.20163041,434.87764318,47.32398723
2025-11-01 19:36:10,2025-11-01,152305682,152305682,482.20162021,435.95734618,46.24427403
2025-11-01 19:36:10,2025-11-01,152304954,152304954,481.36182218,434.52662721,46.83519497
2025-11-01 19:36:10,2025-11-01,65986659,65986659,479.68299862,433.80765585,45.87534277
2025-11-01 19:36:10,2025-11-01,65986592,65986592,479.67734123,433.80677185,45.87056938
2025-11-01 19:36:48,2025-11-01,302355261,302355261,473.78649279,432.35714772,41.42934507
2025-11-01 19:36:48,2025-11-01,260417078,260417078,473.78649815,432.71839743,41.06810072
2025-11-01 19:36:48,2025-11-01,253800120,253800120,472.52682323,432.71839743,39.80842580
2025-11-01 19:36:48,2025-11-01,152499802,152499802,472.52465732,434.87764318,37.64701414
2025-11-01 19:36:48,2025-11-01,152305682,152305682,472.52465732,435.95734618,36.56731114
2025-11-01 19:36:48,2025-11-01,152304954,152304954,469.57224999,434.52662721,35.04562278
2025-11-01 19:36:48,2025-11-01,65986659,65986659,461.59417605,433.80765585,27.78652020
2025-11-01 19:36:48,2025-11-01,65986592,65986592,459.91893727,433.80677185,26.11216542
2025-11-01 19:37:26,2025-11-01,302355261,302355261,467.05892342,432.35714772,34.70177570
2025-11-01 19:37:26,2025-11-01,260417078,260417078,466.21945569,432.71839743,33.50105826
2025-11-01 19:37:26,2025-11-01,253800120,253800120,466.21945569,432.71839743,33.50105826
2025-11-01 19:37:26,2025-11-01,152499802,152499802,466.21942793,434.87764318,31.34178475
2025-11-01 19:37:26,2025-11-01,152305682,152305682,466.21922283,435.95734618,30.26187665
2025-11-01 19:37:26,2025-11-01,152304954,152304954,467.47893733,434.52662721,32.95231012
2025-11-01 19:37:26,2025-11-01,65986659,65986659,467.05823023,433.80765585,33.25057438
2025-11-01 19:37:26,2025-11-01,65986592,65986592,466.21766934,433.80677185,32.41089749
2025-11-01 19:38:03,2025-11-01,302355261,302355261,478.33534704,432.35714772,45.97819932
2025-11-01 19:38:03,2025-11-01,260417078,260417078,476.64117235,432.71839743,43.92277492
2025-11-01 19:38:03,2025-11-01,253800120,253800120,477.06554227,432.71839743,44.34714484
2025-11-01 19:38:03,2025-11-01,152499802,152499802,474.96388188,434.87764318,40.08623870
2025-11-01 19:38:03,2025-11-01,152305682,152305682,475.38315450,435.95734618,39.42580832
2025-11-01 19:38:03,2025-11-01,152304954,152304954,474.96413807,434.52662721,40.43751086
2025-11-01 19:38:03,2025-11-01,65986659,65986659,474.96413807,433.80765585,41.15648222
2025-11-01 19:38:03,2025-11-01,65986592,65986592,474.54439355,433.80677185,40.73762170
2025-11-01 19:38:40,2025-11-01,302355261,302355261,495.10803347,432.35714772,62.75088575
2025-11-01 19:38:40,2025-11-01,260417078,260417078,494.27911056,432.71839743,61.56071313
2025-11-01 19:38:40,2025-11-01,253800120,253800120,494.27909276,432.71839743,61.56069533
2025-11-01 19:38:40,2025-11-01,152499802,152499802,494.27909276,434.87764318,59.40144958
2025-11-01 19:38:40,2025-11-01,152305682,152305682,497.64593980,435.95734618,61.68859362
2025-11-01 19:38:40,2025-11-01,152304954,152304954,496.38659776,434.52662721,61.85997055
2025-11-01 19:38:40,2025-11-01,65986659,65986659,496.38659776,433.80765585,62.57894191
2025-11-01 19:38:40,2025-11-01,65986592,65986592,495.54635610,433.80677185,61.73958425
2025-11-01 19:39:18,2025-11-01,302355261,302355261,507.75214963,432.35714772,75.39500191
2025-11-01 19:39:18,2025-11-01,260417078,260417078,505.23258194,432.71839743,72.51418451
2025-11-01 19:39:18,2025-11-01,253800120,253800120,509.85140163,432.71839743,77.13300420
2025-11-01 19:39:18,2025-11-01,152499802,152499802,509.85140163,434.87764318,74.97375845
2025-11-01 19:39:18,2025-11-01,152305682,152305682,510.27130288,435.95734618,74.31395670
2025-11-01 19:39:18,2025-11-01,152304954,152304954,511.53060223,434.52662721,77.00397502
2025-11-01 19:39:18,2025-11-01,65986659,65986659,512.37033091,433.80765585,78.56267506
2025-11-01 19:39:18,2025-11-01,65986592,65986592,511.53054127,433.80677185,77.72376942
2025-11-01 19:39:56,2025-11-01,302355261,302355261,502.33635882,432.35714772,69.97921110
2025-11-01 19:39:56,2025-11-01,260417078,260417078,504.43604217,432.71839743,71.71764474
2025-11-01 19:39:56,2025-11-01,253800120,253800120,505.27368834,432.71839743,72.55529091
2025-11-01 19:39:56,2025-11-01,152499802,152499802,504.01209609,434.87764318,69.13445291
2025-11-01 19:39:56,2025-11-01,152305682,152305682,504.01211491,435.95734618,68.05476873
2025-11-01 19:39:56,2025-11-01,152304954,152304954,509.05423759,434.52662721,74.52761038
2025-11-01 19:39:56,2025-11-01,65986659,65986659,507.79309556,433.80765585,73.98543971
2025-11-01 19:39:56,2025-11-01,65986592,65986592,506.95313392,433.80677185,73.14636207
2025-11-01 19:40:34,2025-11-01,302355261,302355261,496.87311156,432.35714772,64.51596384
2025-11-01 19:40:34,2025-11-01,260417078,260417078,499.81295222,432.71839743,67.09455479
2025-11-01 19:40:34,2025-11-01,253800120,253800120,498.55856536,432.71839743,65.84016793
2025-11-01 19:40:34,2025-11-01,152499802,152499802,500.66535739,434.87764318,65.78771421
2025-11-01 19:40:34,2025-11-01,152305682,152305682,498.98773632,435.95734618,63.03039014
2025-11-01 19:40:34,2025-11-01,152304954,152304954,498.98773648,434.52662721,64.46110927
2025-11-01 19:40:34,2025-11-01,65986659,65986659,498.14901906,433.80765585,64.34136321
2025-11-01 19:40:34,2025-11-01,65986592,65986592,497.30966157,433.80677185,63.50288972
2025-11-01 19:41:12,2025-11-01,302355261,302355261,486.00339138,432.35714772,53.64624366
2025-11-01 19:41:12,2025-11-01,260417078,260417078,483.06246719,432.71839743,50.34406976
2025-11-01 19:41:12,2025-11-01,253800120,253800120,483.06420298,432.71839743,50.34580555
2025-11-01 19:41:12,2025-11-01,152499802,152499802,485.16446278,434.87764318,50.28681960
2025-11-01 19:41:12,2025-11-01,152305682,152305682,485.16409290,435.95734618,49.20674672
2025-11-01 19:41:12,2025-11-01,152304954,152304954,484.74447153,434.52662721,50.21784432
2025-11-01 19:41:12,2025-11-01,65986659,65986659,484.74447153,433.80765585,50.93681568
2025-11-01 19:41:12,2025-11-01,65986592,65986592,484.32456774,433.80677185,50.51779589
2025-11-01 19:41:50,2025-11-01,302355261,302355261,509.94766818,432.35714772,77.59052046
2025-11-01 19:41:50,2025-11-01,260417078,260417078,507.42914246,432.71839743,74.71074503
2025-11-01 19:41:50,2025-11-01,253800120,253800120,505.74967204,432.71839743,73.03127461
2025-11-01 19:41:50,2025-11-01,152499802,152499802,503.22905190,434.87764318,68.35140872
2025-11-01 19:41:50,2025-11-01,152305682,152305682,503.22927039,435.95734618,67.27192421
2025-11-01 19:41:50,2025-11-01,152304954,152304954,502.80856490,434.52662721,68.28193769
2025-11-01 19:41:50,2025-11-01,65986659,65986659,502.80856490,433.80765585,69.00090905
2025-11-01 19:41:50,2025-11-01,65986592,65986592,502.80825003,433.80677185,69.00147818
2025-11-01 19:42:28,2025-11-01,302355261,302355261,519.18679713,432.35714772,86.82964941
2025-11-01 19:42:28,2025-11-01,260417078,260417078,519.18759532,432.71839743,86.46919789
2025-11-01 19:42:28,2025-11-01,253800120,253800120,518.76547631,432.71839743,86.04707888
2025-11-01 19:42:28,2025-11-01,152499802,152499802,519.18480229,434.87764318,84.30715911
2025-11-01 19:42:28,2025-11-01,152305682,152305682,519.18091528,435.95734618,83.22356910
2025-11-01 19:42:28,2025-11-01,152304954,152304954,517.50090553,434.52662721,82.97427832
2025-11-01 19:42:28,2025-11-01,65986659,65986659,518.34957588,433.80765585,84.54192003
2025-11-01 19:42:28,2025-11-01,65986592,65986592,518.34463202,433.80677185,84.53786017
2025-11-01 19:43:06,2025-11-01,302355261,302355261,533.47505082,432.35714772,101.11790310
2025-11-01 19:43:06,2025-11-01,260417078,260417078,531.79693133,432.71839743,99.07853390
2025-11-01 19:43:06,2025-11-01,253800120,253800120,530.95666313,432.71839743,98.23826570
2025-11-01 19:43:06,2025-11-01,152499802,152499802,530.95666313,434.87764318,96.07901995
2025-11-01 19:43:06,2025-11-01,152305682,152305682,530.95958521,435.95734618,95.00223903
2025-11-01 19:43:06,2025-11-01,152304954,152304954,530.95971842,434.52662721,96.43309121
2025-11-01 19:43:06,2025-11-01,65986659,65986659,533.05670252,433.80765585,99.24904667
2025-11-01 19:43:06,2025-11-01,65986592,65986592,533.05670252,433.80677185,99.24993067
2025-11-01 19:43:43,2025-11-01,302355261,302355261,538.52867737,432.35714772,106.17152965
2025-11-01 19:43:43,2025-11-01,260417078,260417078,538.94875683,432.71839743,106.23035940
2025-11-01 19:43:43,2025-11-01,253800120,253800120,538.52808727,432.71839743,105.80968984
2025-11-01 19:43:43,2025-11-01,152499802,152499802,538.10799937,434.87764318,103.23035619
2025-11-01 19:43:43,2025-11-01,152305682,152305682,538.10820963,435.95734618,102.15086345
2025-11-01 19:43:43,2025-11-01,152304954,152304954,538.10820963,434.52662721,103.58158242
2025-11-01 19:43:43,2025-11-01,65986659,65986659,538.10854007,433.80765585,104.30088422
2025-11-01 19:43:43,2025-11-01,65986592,65986592,537.26853751,433.80677185,103.46176566
2025-11-01 19:44:21,2025-11-01,302355261,302355261,534.75042415,432.35714772,102.39327643
2025-11-01 19:44:21,2025-11-01,260417078,260417078,531.81116520,432.71839743,99.09276777
2025-11-01 19:44:21,2025-11-01,253800120,253800120,530.97222718,432.71839743,98.25382975
2025-11-01 19:44:21,2025-11-01,152499802,152499802,530.97294938,434.87764318,96.09530620
2025-11-01 19:44:21,2025-11-01,152305682,152305682,533.49387002,435.95734618,97.53652384
2025-11-01 19:44:21,2025-11-01,152304954,152304954,536.43260092,434.52662721,101.90597371
2025-11-01 19:44:21,2025-11-01,65986659,65986659,533.49253747,433.80765585,99.68488162
2025-11-01 19:44:21,2025-11-01,65986592,65986592,531.81414216,433.80677185,98.00737031
2025-11-01 19:44:59,2025-11-01,302355261,302355261,519.25691632,432.35714772,86.89976860
2025-11-01 19:44:59,2025-11-01,260417078,260417078,520.93646548,432.71839743,88.21806805
2025-11-01 19:44:59,2025-11-01,253800120,253800120,519.23895104,432.71839743,86.52055361
2025-11-01 19:44:59,2025-11-01,152499802,152499802,504.91256428,434.87764318,70.03492110
2025-11-01 19:44:59,2025-11-01,152305682,152305682,506.17278028,435.95734618,70.21543410
2025-11-01 19:44:59,2025-11-01,152304954,152304954,506.58545401,434.52662721,72.05882680
2025-11-01 19:44:59,2025-11-01,65986659,65986659,507.84464670,433.80765585,74.03699085
2025-11-01 19:44:59,2025-11-01,65986592,65986592,508.68794539,433.80677185,74.88117354
2025-11-01 19:45:37,2025-11-01,302355261,302355261,518.35709190,432.35714772,85.99994418
2025-11-01 19:45:37,2025-11-01,260417078,260417078,518.35734621,432.71839743,85.63894878
2025-11-01 19:45:37,2025-11-01,253800120,253800120,518.35876001,432.71839743,85.64036258
2025-11-01 19:45:37,2025-11-01,152499802,152499802,518.35895585,434.87764318,83.48131267
2025-11-01 19:45:37,2025-11-01,152305682,152305682,520.87819954,435.95734618,84.92085336
2025-11-01 19:45:37,2025-11-01,152304954,152304954,523.81842471,434.52662721,89.29179750
2025-11-01 19:45:37,2025-11-01,65986659,65986659,523.81771517,433.80765585,90.01005932
2025-11-01 19:45:37,2025-11-01,65986592,65986592,527.17677156,433.80677185,93.36999971
2025-11-01 19:46:14,2025-11-01,302355261,302355261,527.22694955,432.35714772,94.86980183
2025-11-01 19:46:14,2025-11-01,260417078,260417078,527.22736107,432.71839743,94.50896364
2025-11-01 19:46:14,2025-11-01,253800120,253800120,524.70841244,432.71839743,91.99001501
2025-11-01 19:46:14,2025-11-01,152499802,152499802,522.19223385,434.87764318,87.31459067
2025-11-01 19:46:14,2025-11-01,152305682,152305682,520.93455894,435.95734618,84.97721276
2025-11-01 19:46:14,2025-11-01,152304954,152304954,524.71343236,434.52662721,90.18680515
2025-11-01 19:46:14,2025-11-01,65986659,65986659,479.36265389,433.80765585,45.55499804
2025-11-01 19:46:14,2025-11-01,65986592,65986592,488.18100040,433.80677185,54.37422855
2025-11-01 19:46:52,2025-11-01,302355261,302355261,497.41568585,432.35714772,65.05853813
2025-11-01 19:46:52,2025-11-01,260417078,260417078,503.29434304,432.71839743,70.57594561
2025-11-01 19:46:52,2025-11-01,253800120,253800120,502.87484926,432.71839743,70.15645183
2025-11-01 19:46:52,2025-11-01,152499802,152499802,503.29474193,434.87764318,68.41709875
2025-11-01 19:46:52,2025-11-01,152305682,152305682,504.55444013,435.95734618,68.59709395
2025-11-01 19:46:52,2025-11-01,152304954,152304954,504.11098541,434.52662721,69.58435820
2025-11-01 19:46:52,2025-11-01,65986659,65986659,502.01209141,433.80765585,68.20443556
2025-11-01 19:46:52,2025-11-01,65986592,65986592,503.27093016,433.80677185,69.46415831
2025-11-01 19:47:31,2025-11-01,302355261,302355261,495.70387382,432.35714772,63.34672610
2025-11-01 19:47:31,2025-11-01,260417078,260417078,496.12295220,432.71839743,63.40455477
2025-11-01 19:47:31,2025-11-01,253800120,253800120,488.98481500,432.71839743,56.26641757
2025-11-01 19:47:31,2025-11-01,152499802,152499802,488.56515503,434.87764318,53.68751185
2025-11-01 19:47:31,2025-11-01,152305682,152305682,485.20613599,435.95734618,49.24878981
2025-11-01 19:47:31,2025-11-01,152304954,152304954,483.52742395,434.52662721,49.00079674
2025-11-01 19:47:31,2025-11-01,65986659,65986659,483.52742395,433.80765585,49.71976810
2025-11-01 19:47:31,2025-11-01,65986592,65986592,488.98556073,433.80677185,55.17878888
2025-11-01 19:48:08,2025-11-01,302355261,302355261,500.31560938,432.35714772,67.95846166
2025-11-01 19:48:08,2025-11-01,260417078,260417078,498.63666112,432.71839743,65.91826369
2025-11-01 19:48:08,2025-11-01,253800120,253800120,496.53301992,432.71839743,63.81462249
2025-11-01 19:48:08,2025-11-01,152499802,152499802,496.53302887,434.87764318,61.65538569
2025-11-01 19:48:08,2025-11-01,152305682,152305682,496.95183999,435.95734618,60.99449381
2025-11-01 19:48:08,2025-11-01,152304954,152304954,499.05176067,434.52662721,64.52513346
2025-11-01 19:48:08,2025-11-01,65986659,65986659,499.05176067,433.80765585,65.24410482
2025-11-01 19:48:08,2025-11-01,65986592,65986592,496.95211802,433.80677185,63.14534617
2025-11-01 19:48:46,2025-11-01,302355261,302355261,514.16874645,432.35714772,81.81159873
2025-11-01 19:48:46,2025-11-01,260417078,260417078,514.16981794,432.71839743,81.45142051
2025-11-01 19:48:46,2025-11-01,253800120,253800120,514.16981794,432.71839743,81.45142051
2025-11-01 19:48:46,2025-11-01,152499802,152499802,514.17131489,434.87764318,79.29367171
2025-11-01 19:48:46,2025-11-01,152305682,152305682,520.04901047,435.95734618,84.09166429
2025-11-01 19:48:46,2025-11-01,152304954,152304954,520.04953897,434.52662721,85.52291176
2025-11-01 19:48:46,2025-11-01,65986659,65986659,518.36919726,433.80765585,84.56154141
2025-11-01 19:48:46,2025-11-01,65986592,65986592,521.30830922,433.80677185,87.50153737
2025-11-01 19:49:24,2025-11-01,302355261,302355261,524.25984428,432.35714772,91.90269656
2025-11-01 19:49:24,2025-11-01,260417078,260417078,524.26146674,432.71839743,91.54306931
2025-11-01 19:49:24,2025-11-01,253800120,253800120,521.32815037,432.71839743,88.60975294
2025-11-01 19:49:24,2025-11-01,152499802,152499802,521.74830135,434.87764318,86.87065817
2025-11-01 19:49:24,2025-11-01,152305682,152305682,523.42831724,435.95734618,87.47097106
2025-11-01 19:49:24,2025-11-01,152304954,152304954,522.16840398,434.52662721,87.64177677
2025-11-01 19:49:24,2025-11-01,65986659,65986659,520.48913874,433.80765585,86.68148289
2025-11-01 19:49:24,2025-11-01,65986592,65986592,520.49021697,433.80677185,86.68344512
2025-11-01 19:50:02,2025-11-01,302355261,302355261,529.33806814,432.35714772,96.98092042
2025-11-01 19:50:02,2025-11-01,260417078,260417078,527.65737584,432.71839743,94.93897841
2025-11-01 19:50:02,2025-11-01,253800120,253800120,535.21849241,432.71839743,102.50009498
2025-11-01 19:50:02,2025-11-01,152499802,152499802,536.47886266,434.87764318,101.60121948
2025-11-01 19:50:02,2025-11-01,152305682,152305682,538.99805846,435.95734618,103.04071228
2025-11-01 19:50:02,2025-11-01,152304954,152304954,542.77610753,434.52662721,108.24948032
2025-11-01 19:50:02,2025-11-01,65986659,65986659,544.03620870,433.80765585,110.22855285
2025-11-01 19:50:02,2025-11-01,65986592,65986592,544.03620870,433.80677185,110.22943685
2025-11-01 19:50:40,2025-11-01,302355261,302355261,593.19274543,432.35714772,160.83559771
2025-11-01 19:50:40,2025-11-01,260417078,260417078,593.19274843,432.71839743,160.47435100
2025-11-01 19:50:40,2025-11-01,253800120,253800120,595.71207291,432.71839743,162.99367548
2025-11-01 19:50:40,2025-11-01,152499802,152499802,596.56689635,434.87764318,161.68925317
2025-11-01 19:50:40,2025-11-01,152305682,152305682,593.62461953,435.95734618,157.66727335
2025-11-01 19:50:40,2025-11-01,152304954,152304954,593.62617258,434.52662721,159.09954537
2025-11-01 19:50:40,2025-11-01,65986659,65986659,581.84861020,433.80765585,148.04095435
2025-11-01 19:50:40,2025-11-01,65986592,65986592,581.00926240,433.80677185,147.20249055
2025-11-01 19:51:18,2025-11-01,302355261,302355261,607.04752860,432.35714772,174.69038088
2025-11-01 19:51:18,2025-11-01,260417078,260417078,602.00883317,432.71839743,169.29043574
2025-11-01 19:51:18,2025-11-01,253800120,253800120,601.59117547,432.71839743,168.87277804
2025-11-01 19:51:18,2025-11-01,152499802,152499802,601.59197964,434.87764318,166.71433646
2025-11-01 19:51:18,2025-11-01,152305682,152305682,601.59197964,435.95734618,165.63463346
2025-11-01 19:51:18,2025-11-01,152304954,152304954,605.79153532,434.52662721,171.26490811
2025-11-01 19:51:18,2025-11-01,65986659,65986659,605.37165199,433.80765585,171.56399614
2025-11-01 19:51:18,2025-11-01,65986592,65986592,606.21122545,433.80677185,172.40445360
2025-11-01 19:51:56,2025-11-01,302355261,302355261,589.41058838,432.35714772,157.05344066
2025-11-01 19:51:56,2025-11-01,260417078,260417078,591.92994421,432.71839743,159.21154678
2025-11-01 19:51:56,2025-11-01,253800120,253800120,592.76972759,432.71839743,160.05133016
2025-11-01 19:51:56,2025-11-01,152499802,152499802,591.92994326,434.87764318,157.05230008
2025-11-01 19:51:56,2025-11-01,152305682,152305682,592.34974860,435.95734618,156.39240242
2025-11-01 19:51:56,2025-11-01,152304954,152304954,582.69142526,434.52662721,148.16479805
2025-11-01 19:51:56,2025-11-01,65986659,65986659,572.19437337,433.80765585,138.38671752
2025-11-01 19:51:56,2025-11-01,65986592,65986592,573.87473627,433.80677185,140.06796442
2025-11-01 19:52:34,2025-11-01,302355261,302355261,580.19282152,432.35714772,147.83567380
2025-11-01 19:52:34,2025-11-01,260417078,260417078,577.67369348,432.71839743,144.95529605
2025-11-01 19:52:34,2025-11-01,253800120,253800120,575.99409579,432.71839743,143.27569836
2025-11-01 19:52:34,2025-11-01,152499802,152499802,573.89459690,434.87764318,139.01695372
2025-11-01 19:52:34,2025-11-01,152305682,152305682,573.89384597,435.95734618,137.93649979
2025-11-01 19:52:34,2025-11-01,152304954,152304954,572.63392440,434.52662721,138.10729719
2025-11-01 19:52:34,2025-11-01,65986659,65986659,569.27472665,433.80765585,135.46707080
2025-11-01 19:52:34,2025-11-01,65986592,65986592,567.17422839,433.80677185,133.36745654
2025-11-01 19:53:12,2025-11-01,302355261,302355261,569.69302101,432.35714772,137.33587329
2025-11-01 19:53:12,2025-11-01,260417078,260417078,572.21239923,432.71839743,139.49400180
2025-11-01 19:53:12,2025-11-01,253800120,253800120,573.89200073,432.71839743,141.17360330
2025-11-01 19:53:12,2025-11-01,152499802,152499802,573.89205870,434.87764318,139.01441552
2025-11-01 19:53:12,2025-11-01,152305682,152305682,574.31194564,435.95734618,138.35459946
2025-11-01 19:53:12,2025-11-01,152304954,152304954,577.67112916,434.52662721,143.14450195
2025-11-01 19:53:12,2025-11-01,65986659,65986659,577.67034118,433.80765585,143.86268533
2025-11-01 19:53:12,2025-11-01,65986592,65986592,577.67034118,433.80677185,143.86356933
2025-11-01 19:53:50,2025-11-01,302355261,302355261,567.59227362,432.35714772,135.23512590
2025-11-01 19:53:50,2025-11-01,260417078,260417078,567.59227473,432.71839743,134.87387730
2025-11-01 19:53:50,2025-11-01,253800120,253800120,568.43234699,432.71839743,135.71394956
2025-11-01 19:53:50,2025-11-01,152499802,152499802,568.85143797,434.87764318,133.97379479
2025-11-01 19:53:50,2025-11-01,152305682,152305682,568.43758864,435.95734618,132.48024246
2025-11-01 19:53:50,2025-11-01,152304954,152304954,568.01794710,434.52662721,133.49131989
2025-11-01 19:53:50,2025-11-01,65986659,65986659,568.01874528,433.80765585,134.21108943
2025-11-01 19:53:50,2025-11-01,65986592,65986592,568.01874528,433.80677185,134.21197343
2025-11-01 19:54:27,2025-11-01,302355261,302355261,562.55912451,432.35714772,130.20197679
2025-11-01 19:54:27,2025-11-01,260417078,260417078,562.55912561,432.71839743,129.84072818
2025-11-01 19:54:27,2025-11-01,253800120,253800120,561.71932509,432.71839743,129.00092766
2025-11-01 19:54:27,2025-11-01,152499802,152499802,560.03814438,434.87764318,125.16050120
2025-11-01 19:54:27,2025-11-01,152305682,152305682,558.42749804,435.95734618,122.47015186
2025-11-01 19:54:27,2025-11-01,152304954,152304954,559.72301662,434.52662721,125.19638941
2025-11-01 19:54:27,2025-11-01,65986659,65986659,563.06627643,433.80765585,129.25862058
2025-11-01 19:54:27,2025-11-01,65986592,65986592,560.54552543,433.80677185,126.73875358
