timestamp,status,latency_ms,ok,note
2025-11-02 19:27:12 UTC,200,7,1,
2025-11-02 19:27:32 UTC,200,11,1,
2025-11-02 19:27:52 UTC,200,11,1,
2025-11-02 19:28:12 UTC,200,2,1,
2025-11-02 19:28:32 UTC,200,11,1,
2025-11-02 19:28:52 UTC,200,2,1,
2025-11-02 19:29:13 UTC,200,12,1,
2025-11-02 19:29:33 UTC,200,13,1,
2025-11-02 19:29:53 UTC,200,2,1,
2025-11-02 19:30:13 UTC,200,11,1,
2025-11-02 19:30:33 UTC,200,11,1,
2025-11-02 19:30:53 UTC,200,2,1,
2025-11-02 19:31:13 UTC,200,1,1,
2025-11-02 19:31:33 UTC,200,11,1,
2025-11-02 19:31:54 UTC,200,13,1,
2025-11-02 19:32:14 UTC,200,2,1,
2025-11-02 19:32:34 UTC,200,11,1,
2025-11-02 19:32:54 UTC,200,1,1,
2025-11-02 19:33:14 UTC,200,1,1,
2025-11-02 19:33:34 UTC,200,2,1,
2025-11-02 19:33:54 UTC,200,1,1,
2025-11-02 19:34:14 UTC,200,4,1,
2025-11-02 19:34:34 UTC,200,12,1,
2025-11-02 19:34:54 UTC,200,11,1,
2025-11-02 19:35:15 UTC,200,11,1,
2025-11-02 19:35:35 UTC,200,11,1,
2025-11-02 19:35:55 UTC,200,11,1,
2025-11-02 19:36:15 UTC,200,2,1,
2025-11-02 19:36:35 UTC,200,2,1,
2025-11-02 19:36:55 UTC,200,11,1,
2025-11-02 19:37:15 UTC,200,11,1,
2025-11-02 19:37:36 UTC,200,2,1,
2025-11-02 19:37:56 UTC,200,11,1,
2025-11-02 19:38:16 UTC,200,11,1,
2025-11-02 19:38:36 UTC,200,11,1,
2025-11-02 19:38:56 UTC,200,2,1,
2025-11-02 19:39:16 UTC,200,11,1,
2025-11-02 19:39:37 UTC,200,11,1,
2025-11-02 19:39:57 UTC,200,11,1,
2025-11-02 19:40:17 UTC,200,12,1,
2025-11-02 19:40:37 UTC,200,2,1,
2025-11-02 19:40:57 UTC,200,12,1,
2025-11-02 19:41:17 UTC,200,1,1,
2025-11-02 19:41:37 UTC,200,12,1,
2025-11-02 19:41:57 UTC,200,1,1,
2025-11-02 19:42:17 UTC,200,11,1,
2025-11-02 19:42:37 UTC,200,11,1,
2025-11-02 19:42:58 UTC,200,11,1,
2025-11-02 19:43:18 UTC,200,11,1,
2025-11-02 19:43:38 UTC,200,11,1,
2025-11-02 19:43:58 UTC,200,2,1,
2025-11-02 19:44:18 UTC,200,2,1,
2025-11-02 19:44:38 UTC,200,1,1,
2025-11-02 19:44:58 UTC,200,1,1,
2025-11-02 19:45:18 UTC,200,11,1,
2025-11-02 19:45:39 UTC,200,11,1,
2025-11-02 19:45:59 UTC,200,11,1,
2025-11-02 19:46:19 UTC,200,11,1,
2025-11-02 19:46:39 UTC,200,11,1,
2025-11-02 19:46:59 UTC,200,12,1,
2025-11-02 19:47:19 UTC,200,2,1,
2025-11-02 19:47:39 UTC,200,12,1,
2025-11-02 19:47:59 UTC,200,3,1,
2025-11-02 19:48:19 UTC,200,12,1,
2025-11-02 19:48:39 UTC,200,3,1,
2025-11-02 19:48:59 UTC,200,5,1,
2025-11-02 19:49:20 UTC,200,1,1,
2025-11-02 19:49:40 UTC,200,11,1,
2025-11-02 19:50:00 UTC,200,12,1,
2025-11-02 19:50:20 UTC,200,11,1,
2025-11-02 19:50:40 UTC,200,10,1,
2025-11-02 19:51:00 UTC,200,12,1,
2025-11-02 19:51:20 UTC,200,11,1,
2025-11-02 19:51:41 UTC,200,11,1,
2025-11-02 19:52:01 UTC,200,2,1,
2025-11-02 19:52:21 UTC,200,11,1,
2025-11-02 19:52:41 UTC,200,11,1,
2025-11-02 19:53:01 UTC,200,11,1,
2025-11-02 19:53:21 UTC,200,11,1,
2025-11-02 19:53:41 UTC,200,2,1,
2025-11-02 19:54:02 UTC,200,11,1,
2025-11-02 19:54:22 UTC,200,11,1,
2025-11-02 19:54:42 UTC,200,11,1,
2025-11-02 19:55:02 UTC,200,2,1,
2025-11-02 19:55:22 UTC,200,11,1,
2025-11-02 19:55:42 UTC,200,11,1,
2025-11-02 19:56:02 UTC,200,11,1,
2025-11-02 19:56:22 UTC,200,1,1,
2025-11-02 19:56:42 UTC,200,3,1,
2025-11-02 19:57:02 UTC,200,1,1,
2025-11-02 19:57:23 UTC,200,1,1,
2025-11-02 19:57:43 UTC,200,1,1,
2025-11-02 19:58:03 UTC,200,11,1,
2025-11-02 19:58:23 UTC,200,1,1,
2025-11-02 19:58:43 UTC,200,11,1,
2025-11-02 19:59:03 UTC,200,1,1,
2025-11-02 19:59:23 UTC,200,3,1,
2025-11-02 19:59:43 UTC,200,1,1,
2025-11-02 20:00:03 UTC,200,11,1,
2025-11-02 20:00:24 UTC,200,11,1,
2025-11-02 20:00:44 UTC,200,3,1,
2025-11-02 20:01:04 UTC,200,3,1,
2025-11-02 20:01:24 UTC,200,5,1,
2025-11-02 20:01:44 UTC,200,13,1,
2025-11-02 20:02:04 UTC,200,11,1,
2025-11-02 20:02:24 UTC,200,11,1,
2025-11-02 20:02:44 UTC,200,3,1,
2025-11-02 20:03:04 UTC,200,5,1,
2025-11-02 20:03:25 UTC,200,10,1,
2025-11-02 20:03:45 UTC,200,3,1,
2025-11-02 20:04:05 UTC,200,3,1,
2025-11-02 20:04:25 UTC,200,11,1,
2025-11-02 20:04:45 UTC,200,13,1,
2025-11-02 20:05:05 UTC,200,3,1,
2025-11-02 20:05:25 UTC,200,3,1,
2025-11-02 20:05:45 UTC,200,3,1,
2025-11-02 20:06:06 UTC,200,1,1,
2025-11-02 20:06:26 UTC,200,3,1,
2025-11-02 20:06:46 UTC,200,1,1,
2025-11-02 20:07:06 UTC,200,1,1,
2025-11-02 20:07:26 UTC,200,4,1,
2025-11-02 20:07:46 UTC,200,3,1,
2025-11-02 20:08:06 UTC,200,1,1,
2025-11-02 20:08:26 UTC,200,3,1,
2025-11-02 20:08:46 UTC,200,12,1,
2025-11-02 20:09:07 UTC,200,12,1,
2025-11-02 20:09:27 UTC,200,11,1,
2025-11-02 20:09:47 UTC,200,17,1,
2025-11-02 20:10:07 UTC,200,2,1,
2025-11-02 20:10:27 UTC,200,11,1,
2025-11-02 20:10:47 UTC,200,12,1,
2025-11-02 20:11:08 UTC,200,11,1,
2025-11-02 20:11:28 UTC,200,1,1,
2025-11-02 20:11:48 UTC,200,1,1,
2025-11-02 20:12:08 UTC,200,3,1,
2025-11-02 20:12:28 UTC,200,15,1,
2025-11-02 20:12:48 UTC,200,11,1,
2025-11-02 20:13:08 UTC,200,2,1,
2025-11-02 20:13:28 UTC,200,1,1,
2025-11-02 20:13:49 UTC,200,11,1,
2025-11-02 20:14:09 UTC,200,1,1,
2025-11-02 20:14:29 UTC,200,1,1,
2025-11-02 20:14:49 UTC,200,1,1,
2025-11-02 20:15:10 UTC,200,11,1,
2025-11-02 20:15:30 UTC,200,1,1,
2025-11-02 20:15:50 UTC,200,13,1,
2025-11-02 20:16:10 UTC,200,1,1,
2025-11-02 20:16:30 UTC,200,1,1,
2025-11-02 20:16:51 UTC,200,11,1,
2025-11-02 20:17:11 UTC,200,11,1,
2025-11-02 20:17:31 UTC,200,2,1,
2025-11-02 20:17:51 UTC,200,11,1,
2025-11-02 20:18:11 UTC,200,3,1,
2025-11-02 20:18:31 UTC,200,18,1,
2025-11-02 20:18:51 UTC,200,13,1,
2025-11-02 20:19:11 UTC,200,2,1,
2025-11-02 20:19:31 UTC,200,12,1,
2025-11-02 20:19:52 UTC,200,2,1,
2025-11-02 20:20:12 UTC,200,10,1,
2025-11-02 20:20:32 UTC,200,11,1,
2025-11-02 20:20:52 UTC,200,2,1,
2025-11-02 20:21:12 UTC,200,11,1,
2025-11-02 20:21:32 UTC,200,11,1,
2025-11-02 20:21:52 UTC,200,12,1,
2025-11-02 20:22:12 UTC,200,11,1,
2025-11-02 20:22:33 UTC,200,1,1,
2025-11-02 20:22:53 UTC,200,2,1,
2025-11-02 20:23:13 UTC,200,11,1,
2025-11-02 20:23:33 UTC,200,7,1,
2025-11-02 20:23:53 UTC,200,1,1,
2025-11-02 20:24:13 UTC,200,1,1,
2025-11-02 20:24:33 UTC,200,11,1,
2025-11-02 20:24:54 UTC,200,11,1,
2025-11-02 20:25:14 UTC,200,14,1,
2025-11-02 20:25:34 UTC,200,3,1,
2025-11-02 20:25:54 UTC,200,11,1,
2025-11-02 20:26:14 UTC,200,1,1,
2025-11-02 20:26:34 UTC,200,1,1,
2025-11-02 20:26:54 UTC,200,11,1,
2025-11-02 20:27:14 UTC,200,2,1,
2025-11-02 20:27:34 UTC,200,11,1,
2025-11-02 20:27:55 UTC,200,13,1,
2025-11-02 20:28:15 UTC,200,1,1,
2025-11-02 20:28:35 UTC,200,2,1,
2025-11-02 20:28:55 UTC,200,14,1,
2025-11-02 20:29:15 UTC,200,10,1,
2025-11-02 20:29:35 UTC,200,10,1,
2025-11-02 20:29:55 UTC,200,2,1,
2025-11-02 20:30:15 UTC,200,12,1,
2025-11-02 20:30:36 UTC,200,11,1,
2025-11-02 20:30:56 UTC,200,12,1,
2025-11-02 20:31:16 UTC,200,2,1,
2025-11-02 20:31:36 UTC,200,1,1,
2025-11-02 20:31:56 UTC,200,2,1,
2025-11-02 20:32:16 UTC,200,1,1,
2025-11-02 20:32:36 UTC,200,1,1,
2025-11-02 20:32:57 UTC,200,1,1,
2025-11-02 20:33:17 UTC,200,11,1,
2025-11-02 20:33:37 UTC,200,2,1,
2025-11-02 20:33:57 UTC,200,2,1,
2025-11-02 20:34:17 UTC,200,1,1,
2025-11-02 20:34:37 UTC,200,12,1,
2025-11-02 20:34:57 UTC,200,12,1,
2025-11-02 20:35:17 UTC,200,1,1,
2025-11-02 20:35:38 UTC,200,1,1,
2025-11-02 20:35:58 UTC,200,1,1,
2025-11-02 20:36:18 UTC,200,11,1,
2025-11-02 20:36:38 UTC,200,2,1,
2025-11-02 20:36:58 UTC,200,2,1,
2025-11-02 20:37:18 UTC,200,1,1,
2025-11-02 20:37:38 UTC,200,1,1,
2025-11-02 20:37:59 UTC,200,1,1,
2025-11-02 20:38:19 UTC,200,12,1,
2025-11-02 20:38:39 UTC,200,11,1,
2025-11-02 20:38:59 UTC,200,2,1,
2025-11-02 20:39:19 UTC,200,2,1,
2025-11-02 20:39:39 UTC,200,1,1,
2025-11-02 20:39:59 UTC,200,1,1,
2025-11-02 20:40:19 UTC,200,1,1,
2025-11-02 20:40:40 UTC,200,11,1,
2025-11-02 20:41:00 UTC,200,11,1,
2025-11-02 20:41:20 UTC,200,2,1,
2025-11-02 20:41:40 UTC,200,1,1,
2025-11-02 20:42:00 UTC,200,1,1,
2025-11-02 20:42:20 UTC,200,1,1,
2025-11-02 20:42:40 UTC,200,33,1,
2025-11-02 20:43:00 UTC,200,11,1,
2025-11-02 20:43:21 UTC,200,10,1,
2025-11-02 20:43:41 UTC,200,10,1,
2025-11-02 20:44:01 UTC,200,2,1,
2025-11-02 20:44:21 UTC,200,10,1,
2025-11-02 20:44:41 UTC,200,1,1,
2025-11-02 20:45:01 UTC,200,2,1,
2025-11-02 20:45:21 UTC,200,1,1,
2025-11-02 20:45:41 UTC,200,12,1,
2025-11-02 20:46:01 UTC,200,15,1,
2025-11-02 20:46:21 UTC,200,2,1,
2025-11-02 20:46:42 UTC,200,11,1,
2025-11-02 20:47:02 UTC,200,11,1,
2025-11-02 20:47:22 UTC,200,11,1,
2025-11-02 20:47:42 UTC,200,1,1,
2025-11-02 20:48:02 UTC,200,1,1,
2025-11-02 20:48:22 UTC,200,10,1,
2025-11-02 20:48:42 UTC,200,13,1,
2025-11-02 20:49:02 UTC,200,11,1,
2025-11-02 20:49:23 UTC,200,11,1,
2025-11-02 20:49:43 UTC,200,12,1,
2025-11-02 20:50:03 UTC,200,2,1,
2025-11-02 20:50:23 UTC,200,1,1,
2025-11-02 20:50:43 UTC,200,14,1,
2025-11-02 20:51:03 UTC,200,8,1,
2025-11-02 20:51:23 UTC,200,11,1,
2025-11-02 20:51:44 UTC,200,10,1,
2025-11-02 20:52:04 UTC,200,11,1,
2025-11-02 20:52:24 UTC,200,45,1,
2025-11-02 20:52:44 UTC,200,11,1,
2025-11-02 20:53:04 UTC,200,11,1,
2025-11-02 20:53:24 UTC,200,1,1,
2025-11-02 20:53:44 UTC,200,11,1,
2025-11-02 20:54:05 UTC,200,11,1,
2025-11-02 20:54:25 UTC,200,12,1,
2025-11-02 20:54:45 UTC,200,11,1,
2025-11-02 20:55:05 UTC,200,1,1,
2025-11-02 20:55:25 UTC,200,12,1,
2025-11-02 20:55:45 UTC,200,2,1,
2025-11-02 20:56:05 UTC,200,11,1,
2025-11-02 20:56:25 UTC,200,4,1,
2025-11-02 20:56:45 UTC,200,11,1,
2025-11-02 20:57:05 UTC,200,3,1,
2025-11-02 20:57:26 UTC,200,11,1,
2025-11-02 20:57:46 UTC,200,3,1,
2025-11-02 20:58:06 UTC,200,1,1,
2025-11-02 20:58:26 UTC,200,19,1,
2025-11-02 20:58:46 UTC,200,3,1,
2025-11-02 20:59:06 UTC,200,11,1,
2025-11-02 20:59:26 UTC,200,12,1,
2025-11-02 20:59:47 UTC,200,11,1,
2025-11-02 21:00:07 UTC,200,2,1,
2025-11-02 21:00:27 UTC,200,11,1,
2025-11-02 21:00:47 UTC,200,11,1,
2025-11-02 21:01:07 UTC,200,12,1,
2025-11-02 21:01:27 UTC,200,3,1,
2025-11-02 21:01:47 UTC,200,11,1,
2025-11-02 21:02:07 UTC,200,2,1,
2025-11-02 21:02:28 UTC,200,1,1,
2025-11-02 21:02:48 UTC,200,10,1,
2025-11-02 21:03:08 UTC,200,11,1,
2025-11-02 21:03:28 UTC,200,13,1,
2025-11-02 21:03:48 UTC,200,11,1,
2025-11-02 21:04:08 UTC,200,12,1,
2025-11-02 21:04:28 UTC,200,11,1,
2025-11-02 21:04:48 UTC,200,2,1,
2025-11-02 21:05:08 UTC,200,3,1,
2025-11-02 21:05:28 UTC,200,12,1,
2025-11-02 21:05:49 UTC,200,17,1,
2025-11-02 21:06:09 UTC,200,2,1,
2025-11-02 21:06:29 UTC,200,11,1,
2025-11-02 21:06:49 UTC,200,2,1,
2025-11-02 21:07:09 UTC,200,11,1,
2025-11-02 21:07:29 UTC,200,1,1,
2025-11-02 21:07:49 UTC,200,12,1,
2025-11-02 21:08:09 UTC,200,11,1,
2025-11-02 21:08:29 UTC,200,2,1,
2025-11-02 21:08:49 UTC,200,11,1,
2025-11-02 21:09:10 UTC,200,19,1,
2025-11-02 21:09:30 UTC,200,11,1,
2025-11-02 21:09:50 UTC,200,2,1,
2025-11-02 21:10:10 UTC,200,2,1,
2025-11-02 21:10:30 UTC,200,2,1,
2025-11-02 21:10:50 UTC,200,11,1,
2025-11-02 21:11:10 UTC,200,11,1,
2025-11-02 21:11:31 UTC,200,12,1,
2025-11-02 21:11:51 UTC,200,11,1,
2025-11-02 21:12:11 UTC,200,12,1,
2025-11-02 21:12:31 UTC,200,35,1,
2025-11-02 21:12:51 UTC,200,11,1,
2025-11-02 21:13:11 UTC,200,10,1,
2025-11-02 21:13:31 UTC,200,1,1,
2025-11-02 21:13:51 UTC,200,1,1,
2025-11-02 21:14:12 UTC,200,2,1,
2025-11-02 21:14:32 UTC,200,2,1,
2025-11-02 21:14:52 UTC,200,1,1,
2025-11-02 21:15:12 UTC,200,10,1,
2025-11-02 21:15:32 UTC,200,1,1,
2025-11-02 21:15:52 UTC,200,11,1,
2025-11-02 21:16:12 UTC,200,1,1,
2025-11-02 21:16:32 UTC,200,12,1,
2025-11-02 21:16:53 UTC,200,11,1,
2025-11-02 21:17:13 UTC,200,2,1,
2025-11-02 21:17:33 UTC,200,1,1,
2025-11-02 21:17:53 UTC,200,11,1,
2025-11-02 21:18:13 UTC,200,11,1,
2025-11-02 21:18:34 UTC,200,12,1,
2025-11-02 21:18:54 UTC,200,2,1,
2025-11-02 21:19:14 UTC,200,10,1,
2025-11-02 21:19:34 UTC,200,11,1,
2025-11-02 21:19:54 UTC,200,2,1,
2025-11-02 21:20:14 UTC,200,11,1,
2025-11-02 21:20:34 UTC,200,19,1,
2025-11-02 21:20:55 UTC,200,2,1,
2025-11-02 21:21:15 UTC,200,11,1,
2025-11-02 21:21:35 UTC,200,1,1,
2025-11-02 21:21:55 UTC,200,11,1,
2025-11-02 21:22:15 UTC,200,2,1,
2025-11-02 21:22:35 UTC,200,10,1,
2025-11-02 21:22:55 UTC,200,1,1,
2025-11-02 21:23:15 UTC,200,11,1,
2025-11-02 21:23:36 UTC,200,11,1,
2025-11-02 21:23:56 UTC,200,10,1,
2025-11-02 21:24:16 UTC,200,2,1,
2025-11-02 21:24:36 UTC,200,1,1,
2025-11-02 21:24:56 UTC,200,10,1,
2025-11-02 21:25:16 UTC,200,2,1,
2025-11-02 21:25:36 UTC,200,28,1,
2025-11-02 21:25:56 UTC,200,1,1,
2025-11-02 21:26:16 UTC,200,2,1,
2025-11-02 21:26:37 UTC,200,11,1,
2025-11-02 21:26:57 UTC,200,1,1,
2025-11-02 21:27:17 UTC,200,2,1,
2025-11-02 21:27:37 UTC,200,13,1,
2025-11-02 21:27:57 UTC,200,2,1,
2025-11-02 21:28:17 UTC,200,1,1,
2025-11-02 21:28:37 UTC,200,12,1,
2025-11-02 21:28:57 UTC,200,2,1,
2025-11-02 21:29:18 UTC,200,2,1,
2025-11-02 21:29:38 UTC,200,24,1,
2025-11-02 21:29:58 UTC,200,7,1,
2025-11-02 21:30:18 UTC,200,11,1,
2025-11-02 21:30:38 UTC,200,24,1,
2025-11-02 21:30:59 UTC,200,11,1,
2025-11-02 21:31:19 UTC,200,12,1,
2025-11-02 21:31:39 UTC,200,1,1,
2025-11-02 21:31:59 UTC,200,12,1,
2025-11-02 21:32:19 UTC,200,12,1,
2025-11-02 21:32:39 UTC,200,13,1,
2025-11-02 21:32:59 UTC,200,23,1,
2025-11-02 21:33:19 UTC,200,1,1,
2025-11-02 21:33:39 UTC,200,2,1,
2025-11-02 21:33:59 UTC,200,12,1,
2025-11-02 21:34:20 UTC,200,11,1,
2025-11-02 21:34:40 UTC,200,12,1,
2025-11-02 21:35:00 UTC,200,2,1,
2025-11-02 21:35:20 UTC,200,12,1,
2025-11-02 21:35:40 UTC,200,12,1,
2025-11-02 21:36:00 UTC,200,11,1,
2025-11-02 21:36:20 UTC,200,11,1,
2025-11-02 21:36:40 UTC,200,38,1,
2025-11-02 21:37:01 UTC,200,11,1,
2025-11-02 21:37:21 UTC,200,11,1,
2025-11-02 21:37:41 UTC,200,2,1,
2025-11-02 21:38:01 UTC,200,11,1,
2025-11-02 21:38:21 UTC,200,11,1,
2025-11-02 21:38:41 UTC,200,2,1,
2025-11-02 21:39:01 UTC,200,2,1,
2025-11-02 21:39:22 UTC,200,11,1,
2025-11-02 21:39:42 UTC,200,13,1,
2025-11-02 21:40:02 UTC,200,1,1,
2025-11-02 21:40:22 UTC,200,1,1,
2025-11-02 21:40:42 UTC,200,1,1,
2025-11-02 21:41:02 UTC,200,12,1,
2025-11-02 21:41:22 UTC,200,11,1,
2025-11-02 21:41:43 UTC,200,12,1,
2025-11-02 21:42:03 UTC,200,23,1,
2025-11-02 21:42:23 UTC,200,1,1,
2025-11-02 21:42:43 UTC,200,11,1,
2025-11-02 21:43:03 UTC,200,33,1,
2025-11-02 21:43:23 UTC,200,12,1,
2025-11-02 21:43:43 UTC,200,8,1,
2025-11-02 21:44:03 UTC,200,1,1,
2025-11-02 21:44:23 UTC,200,2,1,
2025-11-02 21:44:43 UTC,200,2,1,
2025-11-02 21:45:03 UTC,200,2,1,
2025-11-02 21:45:24 UTC,200,2,1,
2025-11-02 21:45:44 UTC,200,17,1,
2025-11-02 21:46:04 UTC,200,2,1,
2025-11-02 21:46:24 UTC,200,2,1,
2025-11-02 21:46:44 UTC,200,12,1,
2025-11-02 21:47:04 UTC,200,2,1,
2025-11-02 21:47:24 UTC,200,1,1,
2025-11-02 21:47:44 UTC,200,12,1,
2025-11-02 21:48:04 UTC,200,11,1,
2025-11-02 21:48:24 UTC,200,1,1,
2025-11-02 21:48:44 UTC,200,12,1,
2025-11-02 21:49:05 UTC,200,11,1,
2025-11-02 21:49:25 UTC,200,11,1,
2025-11-02 21:49:45 UTC,200,2,1,
2025-11-02 21:50:05 UTC,200,2,1,
2025-11-02 21:50:25 UTC,200,11,1,
2025-11-02 21:50:46 UTC,200,12,1,
2025-11-02 21:51:06 UTC,200,12,1,
2025-11-02 21:51:26 UTC,200,13,1,
2025-11-02 21:51:46 UTC,200,2,1,
2025-11-02 21:52:06 UTC,200,11,1,
2025-11-02 21:52:26 UTC,200,25,1,
2025-11-02 21:52:46 UTC,200,2,1,
2025-11-02 21:53:06 UTC,200,12,1,
2025-11-02 21:53:26 UTC,200,12,1,
2025-11-02 21:53:47 UTC,200,3,1,
2025-11-02 21:54:07 UTC,200,12,1,
2025-11-02 21:54:27 UTC,200,13,1,
2025-11-02 21:54:47 UTC,200,10,1,
2025-11-02 21:55:07 UTC,200,12,1,
2025-11-02 21:55:27 UTC,200,1,1,
2025-11-02 21:55:47 UTC,200,3,1,
2025-11-02 21:56:07 UTC,200,12,1,
2025-11-02 21:56:28 UTC,200,1,1,
2025-11-02 21:56:48 UTC,200,3,1,
2025-11-02 21:57:08 UTC,200,3,1,
2025-11-02 21:57:28 UTC,200,13,1,
2025-11-02 21:57:48 UTC,200,1,1,
2025-11-02 21:58:08 UTC,200,14,1,
2025-11-02 21:58:28 UTC,200,1,1,
2025-11-02 21:58:48 UTC,200,2,1,
2025-11-02 21:59:09 UTC,200,1,1,
2025-11-02 21:59:29 UTC,200,2,1,
2025-11-02 21:59:49 UTC,200,16,1,
2025-11-02 22:00:09 UTC,200,1,1,
2025-11-02 22:00:29 UTC,200,13,1,
2025-11-02 22:00:49 UTC,200,3,1,
2025-11-02 22:01:09 UTC,200,1,1,
2025-11-02 22:01:29 UTC,200,11,1,
2025-11-02 22:01:49 UTC,200,2,1,
2025-11-02 22:02:09 UTC,200,14,1,
2025-11-02 22:02:29 UTC,200,14,1,
2025-11-02 22:02:50 UTC,200,2,1,
2025-11-02 22:03:10 UTC,200,1,1,
2025-11-02 22:03:30 UTC,200,1,1,
2025-11-02 22:03:50 UTC,200,12,1,
2025-11-02 22:04:10 UTC,200,8,1,
2025-11-02 22:04:30 UTC,200,1,1,
2025-11-02 22:04:50 UTC,200,11,1,
2025-11-02 22:05:10 UTC,200,12,1,
2025-11-02 22:05:30 UTC,200,11,1,
2025-11-02 22:05:51 UTC,200,12,1,
2025-11-02 22:06:11 UTC,200,1,1,
2025-11-02 22:06:31 UTC,200,1,1,
2025-11-02 22:06:51 UTC,200,13,1,
2025-11-02 22:07:11 UTC,200,1,1,
2025-11-02 22:07:31 UTC,200,32,1,
2025-11-02 22:07:51 UTC,200,4,1,
2025-11-02 22:08:11 UTC,200,1,1,
2025-11-02 22:08:31 UTC,200,14,1,
2025-11-02 22:08:52 UTC,200,3,1,
2025-11-02 22:09:12 UTC,200,1,1,
2025-11-02 22:09:32 UTC,200,11,1,
2025-11-02 22:09:52 UTC,200,1,1,
2025-11-02 22:10:12 UTC,200,11,1,
2025-11-02 22:10:32 UTC,200,2,1,
2025-11-02 22:10:52 UTC,200,2,1,
2025-11-02 22:11:13 UTC,200,14,1,
2025-11-02 22:11:33 UTC,200,2,1,
2025-11-02 22:11:53 UTC,200,12,1,
2025-11-02 22:12:13 UTC,200,2,1,
2025-11-02 22:12:33 UTC,200,12,1,
2025-11-02 22:12:53 UTC,200,1,1,
2025-11-02 22:13:14 UTC,200,10,1,
2025-11-02 22:13:34 UTC,200,11,1,
2025-11-02 22:13:54 UTC,200,11,1,
2025-11-02 22:14:14 UTC,200,11,1,
2025-11-02 22:14:34 UTC,200,12,1,
2025-11-02 22:14:54 UTC,200,1,1,
2025-11-02 22:15:14 UTC,200,12,1,
2025-11-02 22:15:35 UTC,200,2,1,
2025-11-02 22:15:55 UTC,200,11,1,
2025-11-02 22:16:15 UTC,200,1,1,
2025-11-02 22:16:35 UTC,200,4,1,
2025-11-02 22:16:55 UTC,200,3,1,
2025-11-02 22:17:15 UTC,200,3,1,
2025-11-02 22:17:35 UTC,200,3,1,
2025-11-02 22:17:56 UTC,200,1,1,
2025-11-02 22:18:16 UTC,200,3,1,
2025-11-02 22:18:36 UTC,200,12,1,
2025-11-02 22:18:56 UTC,200,12,1,
2025-11-02 22:19:16 UTC,200,2,1,
2025-11-02 22:19:36 UTC,200,12,1,
2025-11-02 22:19:56 UTC,200,11,1,
2025-11-02 22:20:17 UTC,200,1,1,
2025-11-02 22:20:37 UTC,200,1,1,
2025-11-02 22:20:57 UTC,200,16,1,
2025-11-02 22:21:17 UTC,200,1,1,
2025-11-02 22:21:37 UTC,200,12,1,
2025-11-02 22:21:57 UTC,200,3,1,
2025-11-02 22:22:17 UTC,200,11,1,
2025-11-02 22:22:37 UTC,200,11,1,
2025-11-02 22:22:57 UTC,200,1,1,
2025-11-02 22:23:18 UTC,200,18,1,
2025-11-02 22:23:38 UTC,200,2,1,
2025-11-02 22:23:58 UTC,200,1,1,
2025-11-02 22:24:18 UTC,200,1,1,
2025-11-02 22:24:38 UTC,200,1,1,
2025-11-02 22:24:58 UTC,200,1,1,
2025-11-02 22:25:19 UTC,200,11,1,
2025-11-02 22:25:39 UTC,200,1,1,
2025-11-02 22:25:59 UTC,200,1,1,
2025-11-02 22:26:19 UTC,200,11,1,
2025-11-02 22:26:39 UTC,200,1,1,
2025-11-02 22:26:59 UTC,200,11,1,
2025-11-02 22:27:19 UTC,200,12,1,
2025-11-02 22:27:39 UTC,200,12,1,
2025-11-02 22:27:59 UTC,200,2,1,
2025-11-02 22:28:19 UTC,200,1,1,
2025-11-02 22:28:40 UTC,200,29,1,
2025-11-02 22:29:00 UTC,200,3,1,
2025-11-02 22:29:20 UTC,200,2,1,
2025-11-02 22:29:40 UTC,200,1,1,
2025-11-02 22:30:00 UTC,200,2,1,
2025-11-02 22:30:20 UTC,200,2,1,
2025-11-02 22:30:41 UTC,200,1,1,
2025-11-02 22:31:01 UTC,200,11,1,
2025-11-02 22:31:21 UTC,200,12,1,
2025-11-02 22:31:41 UTC,200,12,1,
2025-11-02 22:32:01 UTC,200,12,1,
2025-11-02 22:32:21 UTC,200,11,1,
2025-11-02 22:32:41 UTC,200,3,1,
2025-11-02 22:33:02 UTC,200,2,1,
2025-11-02 22:33:22 UTC,200,2,1,
2025-11-02 22:33:42 UTC,200,12,1,
2025-11-02 22:34:02 UTC,200,12,1,
2025-11-02 22:34:22 UTC,200,2,1,
2025-11-02 22:34:42 UTC,200,1,1,
2025-11-02 22:35:03 UTC,200,3,1,
2025-11-02 22:35:23 UTC,200,1,1,
2025-11-02 22:35:43 UTC,200,25,1,
2025-11-02 22:36:03 UTC,200,1,1,
2025-11-02 22:36:23 UTC,200,11,1,
2025-11-02 22:36:43 UTC,200,3,1,
2025-11-02 22:37:04 UTC,200,2,1,
2025-11-02 22:37:24 UTC,200,2,1,
2025-11-02 22:37:44 UTC,200,2,1,
2025-11-02 22:38:04 UTC,200,2,1,
2025-11-02 22:38:24 UTC,200,12,1,
2025-11-02 22:38:44 UTC,200,11,1,
2025-11-02 22:39:04 UTC,200,2,1,
2025-11-02 22:39:24 UTC,200,21,1,
2025-11-02 22:39:44 UTC,200,1,1,
2025-11-02 22:40:05 UTC,200,1,1,
2025-11-02 22:40:25 UTC,200,11,1,
2025-11-02 22:40:45 UTC,200,2,1,
2025-11-02 22:41:05 UTC,200,11,1,
2025-11-02 22:41:25 UTC,200,10,1,
2025-11-02 22:41:45 UTC,200,10,1,
2025-11-02 22:42:05 UTC,200,2,1,
2025-11-02 22:42:25 UTC,200,1,1,
2025-11-02 22:42:46 UTC,200,2,1,
2025-11-02 22:43:06 UTC,200,11,1,
2025-11-02 22:43:26 UTC,200,2,1,
2025-11-02 22:43:46 UTC,200,34,1,
2025-11-02 22:44:06 UTC,200,12,1,
2025-11-02 22:44:26 UTC,200,2,1,
2025-11-02 22:44:46 UTC,200,12,1,
2025-11-02 22:45:06 UTC,200,11,1,
2025-11-02 22:45:27 UTC,200,12,1,
2025-11-02 22:45:47 UTC,200,1,1,
2025-11-02 22:46:07 UTC,200,11,1,
2025-11-02 22:46:27 UTC,200,11,1,
2025-11-02 22:46:47 UTC,200,2,1,
2025-11-02 22:47:07 UTC,200,2,1,
2025-11-02 22:47:27 UTC,200,11,1,
2025-11-02 22:47:47 UTC,200,11,1,
2025-11-02 22:48:08 UTC,200,43,1,
2025-11-02 22:48:28 UTC,200,11,1,
2025-11-02 22:48:48 UTC,200,12,1,
2025-11-02 22:49:08 UTC,200,11,1,
2025-11-02 22:49:28 UTC,200,12,1,
2025-11-02 22:49:48 UTC,200,11,1,
2025-11-02 22:50:08 UTC,200,11,1,
2025-11-02 22:50:28 UTC,200,1,1,
2025-11-02 22:50:49 UTC,200,12,1,
2025-11-02 22:51:09 UTC,200,11,1,
2025-11-02 22:51:29 UTC,200,12,1,
2025-11-02 22:51:49 UTC,200,38,1,
2025-11-02 22:52:09 UTC,200,11,1,
2025-11-02 22:52:29 UTC,200,2,1,
2025-11-02 22:52:50 UTC,200,11,1,
2025-11-02 22:53:10 UTC,200,2,1,
2025-11-02 22:53:30 UTC,200,11,1,
2025-11-02 22:53:50 UTC,200,11,1,
2025-11-02 22:54:10 UTC,200,1,1,
2025-11-02 22:54:30 UTC,200,11,1,
2025-11-02 22:54:50 UTC,200,3,1,
2025-11-02 22:55:10 UTC,200,1,1,
2025-11-02 22:55:31 UTC,200,2,1,
2025-11-02 22:55:51 UTC,200,1,1,
2025-11-02 22:56:11 UTC,200,1,1,
2025-11-02 22:56:31 UTC,200,11,1,
2025-11-02 22:56:51 UTC,200,1,1,
2025-11-02 22:57:11 UTC,200,24,1,
2025-11-02 22:57:31 UTC,200,1,1,
2025-11-02 22:57:51 UTC,200,10,1,
2025-11-02 22:58:11 UTC,200,11,1,
2025-11-02 22:58:31 UTC,200,1,1,
2025-11-02 22:58:52 UTC,200,2,1,
2025-11-02 22:59:12 UTC,200,24,1,
2025-11-02 22:59:32 UTC,200,11,1,
2025-11-02 22:59:52 UTC,200,1,1,
2025-11-02 23:00:12 UTC,200,1,1,
2025-11-02 23:00:32 UTC,200,11,1,
2025-11-02 23:00:52 UTC,200,1,1,
2025-11-02 23:01:12 UTC,200,11,1,
2025-11-02 23:01:32 UTC,200,12,1,
2025-11-02 23:01:53 UTC,200,36,1,
2025-11-02 23:02:13 UTC,200,10,1,
2025-11-02 23:02:33 UTC,200,3,1,
2025-11-02 23:02:53 UTC,200,2,1,
2025-11-02 23:03:13 UTC,200,12,1,
2025-11-02 23:03:34 UTC,200,28,1,
2025-11-02 23:03:54 UTC,200,1,1,
2025-11-02 23:04:14 UTC,200,3,1,
2025-11-02 23:04:34 UTC,200,11,1,
2025-11-02 23:04:54 UTC,200,11,1,
2025-11-02 23:05:14 UTC,200,2,1,
2025-11-02 23:05:34 UTC,200,2,1,
2025-11-02 23:05:54 UTC,200,3,1,
2025-11-02 23:06:14 UTC,200,2,1,
2025-11-02 23:06:34 UTC,200,12,1,
2025-11-02 23:06:55 UTC,200,11,1,
2025-11-02 23:07:15 UTC,200,25,1,
2025-11-02 23:07:35 UTC,200,2,1,
2025-11-02 23:07:55 UTC,200,2,1,
2025-11-02 23:08:15 UTC,200,2,1,
2025-11-02 23:08:35 UTC,200,11,1,
2025-11-02 23:08:55 UTC,200,12,1,
2025-11-02 23:09:15 UTC,200,1,1,
2025-11-02 23:09:35 UTC,200,4,1,
2025-11-02 23:09:55 UTC,200,1,1,
2025-11-02 23:10:15 UTC,200,1,1,
2025-11-02 23:10:35 UTC,200,1,1,
2025-11-02 23:10:56 UTC,200,2,1,
2025-11-02 23:11:16 UTC,200,3,1,
2025-11-02 23:11:36 UTC,200,1,1,
2025-11-02 23:11:56 UTC,200,1,1,
2025-11-02 23:12:16 UTC,200,12,1,
2025-11-02 23:12:36 UTC,200,11,1,
2025-11-02 23:12:56 UTC,200,4,1,
2025-11-02 23:13:16 UTC,200,1,1,
2025-11-02 23:13:36 UTC,200,11,1,
2025-11-02 23:13:57 UTC,200,1,1,
2025-11-02 23:14:17 UTC,200,2,1,
2025-11-02 23:14:37 UTC,200,1,1,
2025-11-02 23:14:57 UTC,200,1,1,
2025-11-02 23:15:17 UTC,200,1,1,
2025-11-02 23:15:37 UTC,200,11,1,
2025-11-02 23:15:57 UTC,200,11,1,
2025-11-02 23:16:18 UTC,200,3,1,
2025-11-02 23:16:38 UTC,200,3,1,
2025-11-02 23:16:58 UTC,200,11,1,
2025-11-02 23:17:18 UTC,200,3,1,
2025-11-02 23:17:38 UTC,200,1,1,
2025-11-02 23:17:58 UTC,200,12,1,
2025-11-02 23:18:18 UTC,200,2,1,
2025-11-02 23:18:38 UTC,200,2,1,
2025-11-02 23:18:58 UTC,200,2,1,
2025-11-02 23:19:19 UTC,200,1,1,
2025-11-02 23:19:39 UTC,200,3,1,
2025-11-02 23:19:59 UTC,200,11,1,
2025-11-02 23:20:19 UTC,200,1,1,
2025-11-02 23:20:39 UTC,200,1,1,
2025-11-02 23:20:59 UTC,200,3,1,
2025-11-02 23:21:19 UTC,200,1,1,
2025-11-02 23:21:39 UTC,200,3,1,
2025-11-02 23:22:00 UTC,200,12,1,
2025-11-02 23:22:20 UTC,200,11,1,
2025-11-02 23:22:40 UTC,200,3,1,
2025-11-02 23:23:00 UTC,200,3,1,
2025-11-02 23:23:20 UTC,200,12,1,
2025-11-02 23:23:40 UTC,200,2,1,
2025-11-02 23:24:01 UTC,200,14,1,
2025-11-02 23:24:21 UTC,200,12,1,
2025-11-02 23:24:41 UTC,200,1,1,
2025-11-02 23:25:01 UTC,200,3,1,
2025-11-02 23:25:21 UTC,200,7,1,
2025-11-02 23:25:41 UTC,200,1,1,
2025-11-02 23:26:01 UTC,200,3,1,
2025-11-02 23:26:21 UTC,200,12,1,
2025-11-02 23:26:42 UTC,200,12,1,
2025-11-02 23:27:02 UTC,200,2,1,
2025-11-02 23:27:22 UTC,200,12,1,
2025-11-02 23:27:42 UTC,200,1,1,
2025-11-02 23:28:02 UTC,200,17,1,
2025-11-02 23:28:22 UTC,200,1,1,
2025-11-02 23:28:42 UTC,200,2,1,
2025-11-02 23:29:02 UTC,200,13,1,
2025-11-02 23:29:23 UTC,200,13,1,
2025-11-02 23:29:43 UTC,200,1,1,
2025-11-02 23:30:03 UTC,200,1,1,
2025-11-02 23:30:23 UTC,200,3,1,
2025-11-02 23:30:43 UTC,200,2,1,
2025-11-02 23:31:03 UTC,200,24,1,
2025-11-02 23:31:23 UTC,200,3,1,
2025-11-02 23:31:43 UTC,200,1,1,
2025-11-02 23:32:04 UTC,200,12,1,
2025-11-02 23:32:24 UTC,200,1,1,
2025-11-02 23:32:44 UTC,200,25,1,
2025-11-02 23:33:04 UTC,200,1,1,
2025-11-02 23:33:24 UTC,200,3,1,
2025-11-02 23:33:44 UTC,200,3,1,
2025-11-02 23:34:04 UTC,200,3,1,
2025-11-02 23:34:24 UTC,200,13,1,
2025-11-02 23:34:45 UTC,200,11,1,
2025-11-02 23:35:05 UTC,200,3,1,
2025-11-02 23:35:25 UTC,200,13,1,
2025-11-02 23:35:45 UTC,200,1,1,
2025-11-02 23:36:05 UTC,200,1,1,
2025-11-02 23:36:25 UTC,200,3,1,
2025-11-02 23:36:45 UTC,200,3,1,
2025-11-02 23:37:05 UTC,200,1,1,
2025-11-02 23:37:26 UTC,200,12,1,
2025-11-02 23:37:46 UTC,200,3,1,
2025-11-02 23:38:06 UTC,200,12,1,
2025-11-02 23:38:26 UTC,200,1,1,
2025-11-02 23:38:46 UTC,200,3,1,
2025-11-02 23:39:06 UTC,200,3,1,
2025-11-02 23:39:26 UTC,200,1,1,
2025-11-02 23:39:46 UTC,200,1,1,
2025-11-02 23:40:07 UTC,200,1,1,
2025-11-02 23:40:27 UTC,200,3,1,
2025-11-02 23:40:47 UTC,200,2,1,
2025-11-02 23:41:07 UTC,200,2,1,
2025-11-02 23:41:27 UTC,200,11,1,
2025-11-02 23:41:47 UTC,200,2,1,
2025-11-02 23:42:08 UTC,200,10,1,
2025-11-02 23:42:28 UTC,200,11,1,
2025-11-02 23:42:48 UTC,200,13,1,
2025-11-02 23:43:08 UTC,200,12,1,
2025-11-02 23:43:28 UTC,200,3,1,
2025-11-02 23:43:49 UTC,200,3,1,
2025-11-02 23:44:09 UTC,200,1,1,
2025-11-02 23:44:29 UTC,200,1,1,
2025-11-02 23:44:49 UTC,200,1,1,
2025-11-02 23:45:09 UTC,200,1,1,
2025-11-02 23:45:29 UTC,200,3,1,
2025-11-02 23:45:50 UTC,200,12,1,
2025-11-02 23:46:10 UTC,200,3,1,
2025-11-02 23:46:30 UTC,200,3,1,
2025-11-02 23:46:50 UTC,200,1,1,
2025-11-02 23:47:10 UTC,200,2,1,
2025-11-02 23:47:30 UTC,200,1,1,
2025-11-02 23:47:50 UTC,200,1,1,
2025-11-02 23:48:11 UTC,200,1,1,
2025-11-02 23:48:31 UTC,200,11,1,
2025-11-02 23:48:51 UTC,200,12,1,
2025-11-02 23:49:11 UTC,200,1,1,
2025-11-02 23:49:31 UTC,200,1,1,
2025-11-02 23:49:52 UTC,200,12,1,
2025-11-02 23:50:12 UTC,200,1,1,
2025-11-02 23:50:32 UTC,200,4,1,
2025-11-02 23:50:52 UTC,200,1,1,
2025-11-02 23:51:12 UTC,200,3,1,
2025-11-02 23:51:32 UTC,200,11,1,
2025-11-02 23:51:52 UTC,200,2,1,
2025-11-02 23:52:12 UTC,200,11,1,
2025-11-02 23:52:33 UTC,200,11,1,
2025-11-02 23:52:53 UTC,200,2,1,
2025-11-02 23:53:13 UTC,200,1,1,
2025-11-02 23:53:33 UTC,200,1,1,
2025-11-02 23:53:53 UTC,200,1,1,
2025-11-02 23:54:13 UTC,200,1,1,
2025-11-02 23:54:33 UTC,200,11,1,
2025-11-02 23:54:54 UTC,200,2,1,
2025-11-02 23:55:14 UTC,200,1,1,
2025-11-02 23:55:34 UTC,200,26,1,
2025-11-02 23:55:54 UTC,200,3,1,
2025-11-02 23:56:14 UTC,200,1,1,
2025-11-02 23:56:34 UTC,200,10,1,
2025-11-02 23:56:54 UTC,200,12,1,
2025-11-02 23:57:14 UTC,200,11,1,
2025-11-02 23:57:34 UTC,200,1,1,
2025-11-02 23:57:55 UTC,200,1,1,
2025-11-02 23:58:15 UTC,200,3,1,
2025-11-02 23:58:35 UTC,200,3,1,
2025-11-02 23:58:55 UTC,200,2,1,
2025-11-02 23:59:15 UTC,200,3,1,
2025-11-02 23:59:35 UTC,200,2,1,
2025-11-02 23:59:55 UTC,200,12,1,
2025-11-03 00:00:15 UTC,200,2,1,
2025-11-03 00:00:35 UTC,200,11,1,
2025-11-03 00:00:55 UTC,200,11,1,
2025-11-03 00:01:15 UTC,200,4,1,
2025-11-03 00:01:36 UTC,200,3,1,
2025-11-03 00:01:56 UTC,200,2,1,
2025-11-03 00:02:16 UTC,200,12,1,
2025-11-03 00:02:36 UTC,200,2,1,
2025-11-03 00:02:56 UTC,200,3,1,
2025-11-03 00:03:16 UTC,200,12,1,
2025-11-03 00:03:36 UTC,200,3,1,
2025-11-03 00:03:57 UTC,200,11,1,
2025-11-03 00:04:17 UTC,200,13,1,
2025-11-03 00:04:37 UTC,200,4,1,
2025-11-03 00:04:57 UTC,200,12,1,
2025-11-03 00:05:17 UTC,200,12,1,
2025-11-03 00:05:37 UTC,200,3,1,
2025-11-03 00:05:57 UTC,200,2,1,
2025-11-03 00:06:17 UTC,200,12,1,
2025-11-03 00:06:38 UTC,200,1,1,
2025-11-03 00:06:58 UTC,200,3,1,
2025-11-03 00:07:18 UTC,200,11,1,
2025-11-03 00:07:38 UTC,200,12,1,
2025-11-03 00:07:58 UTC,200,1,1,
2025-11-03 00:08:18 UTC,200,12,1,
2025-11-03 00:08:38 UTC,200,1,1,
2025-11-03 00:08:59 UTC,200,12,1,
2025-11-03 00:09:19 UTC,200,11,1,
2025-11-03 00:09:39 UTC,200,2,1,
2025-11-03 00:09:59 UTC,200,11,1,
2025-11-03 00:10:19 UTC,200,3,1,
2025-11-03 00:10:39 UTC,200,2,1,
2025-11-03 00:10:59 UTC,200,1,1,
2025-11-03 00:11:19 UTC,200,12,1,
2025-11-03 00:11:40 UTC,200,12,1,
2025-11-03 00:12:00 UTC,200,12,1,
2025-11-03 00:12:20 UTC,200,26,1,
2025-11-03 00:12:40 UTC,200,2,1,
2025-11-03 00:13:00 UTC,200,2,1,
2025-11-03 00:13:20 UTC,200,12,1,
2025-11-03 00:13:40 UTC,200,1,1,
2025-11-03 00:14:01 UTC,200,2,1,
2025-11-03 00:14:21 UTC,200,2,1,
2025-11-03 00:14:41 UTC,200,11,1,
2025-11-03 00:15:01 UTC,200,12,1,
2025-11-03 00:15:21 UTC,200,11,1,
2025-11-03 00:15:41 UTC,200,11,1,
2025-11-03 00:16:01 UTC,200,12,1,
2025-11-03 00:16:21 UTC,200,11,1,
2025-11-03 00:16:42 UTC,200,22,1,
2025-11-03 00:17:02 UTC,200,11,1,
2025-11-03 00:17:22 UTC,200,11,1,
2025-11-03 00:17:42 UTC,200,11,1,
2025-11-03 00:18:02 UTC,200,3,1,
2025-11-03 00:18:22 UTC,200,2,1,
2025-11-03 00:18:42 UTC,200,11,1,
2025-11-03 00:19:02 UTC,200,1,1,
2025-11-03 00:19:22 UTC,200,11,1,
2025-11-03 00:19:43 UTC,200,11,1,
2025-11-03 00:20:03 UTC,200,2,1,
2025-11-03 00:20:23 UTC,200,11,1,
2025-11-03 00:20:43 UTC,200,11,1,
2025-11-03 00:21:03 UTC,200,12,1,
2025-11-03 00:21:23 UTC,200,11,1,
2025-11-03 00:21:43 UTC,200,2,1,
2025-11-03 00:22:04 UTC,200,11,1,
2025-11-03 00:22:24 UTC,200,12,1,
2025-11-03 00:22:44 UTC,200,12,1,
2025-11-03 00:23:04 UTC,200,4,1,
2025-11-03 00:23:24 UTC,200,1,1,
2025-11-03 00:23:44 UTC,200,2,1,
2025-11-03 00:24:05 UTC,200,11,1,
2025-11-03 00:24:25 UTC,200,11,1,
2025-11-03 00:24:45 UTC,200,3,1,
2025-11-03 00:25:05 UTC,200,11,1,
2025-11-03 00:25:25 UTC,200,2,1,
2025-11-03 00:25:45 UTC,200,11,1,
2025-11-03 00:26:05 UTC,200,11,1,
2025-11-03 00:26:25 UTC,200,31,1,
2025-11-03 00:26:45 UTC,200,2,1,
2025-11-03 00:27:05 UTC,200,13,1,
2025-11-03 00:27:25 UTC,200,12,1,
2025-11-03 00:27:45 UTC,200,11,1,
2025-11-03 00:28:06 UTC,200,12,1,
2025-11-03 00:28:26 UTC,200,1,1,
2025-11-03 00:28:46 UTC,200,12,1,
2025-11-03 00:29:06 UTC,200,11,1,
2025-11-03 00:29:26 UTC,200,2,1,
2025-11-03 00:29:46 UTC,200,2,1,
2025-11-03 00:30:07 UTC,200,12,1,
2025-11-03 00:30:27 UTC,200,14,1,
2025-11-03 00:30:47 UTC,200,2,1,
2025-11-03 00:31:07 UTC,200,11,1,
2025-11-03 00:31:27 UTC,200,11,1,
2025-11-03 00:31:47 UTC,200,2,1,
2025-11-03 00:32:07 UTC,200,1,1,
2025-11-03 00:32:27 UTC,200,1,1,
2025-11-03 00:32:47 UTC,200,11,1,
2025-11-03 00:33:07 UTC,200,3,1,
2025-11-03 00:33:28 UTC,200,12,1,
2025-11-03 00:33:48 UTC,200,2,1,
2025-11-03 00:34:08 UTC,200,11,1,
2025-11-03 00:34:28 UTC,200,2,1,
2025-11-03 00:34:48 UTC,200,11,1,
2025-11-03 00:35:08 UTC,200,12,1,
2025-11-03 00:35:28 UTC,200,11,1,
2025-11-03 00:35:49 UTC,200,1,1,
2025-11-03 00:36:09 UTC,200,1,1,
2025-11-03 00:36:29 UTC,200,2,1,
2025-11-03 00:36:49 UTC,200,11,1,
2025-11-03 00:37:09 UTC,200,2,1,
2025-11-03 00:37:29 UTC,200,12,1,
2025-11-03 00:37:49 UTC,200,11,1,
2025-11-03 00:38:09 UTC,200,11,1,
2025-11-03 00:38:29 UTC,200,11,1,
2025-11-03 00:38:50 UTC,200,10,1,
2025-11-03 00:39:10 UTC,200,2,1,
2025-11-03 00:39:30 UTC,200,12,1,
2025-11-03 00:39:50 UTC,200,1,1,
2025-11-03 00:40:10 UTC,200,2,1,
2025-11-03 00:40:30 UTC,200,2,1,
2025-11-03 00:40:51 UTC,200,1,1,
2025-11-03 00:41:11 UTC,200,11,1,
2025-11-03 00:41:31 UTC,200,12,1,
2025-11-03 00:41:51 UTC,200,1,1,
2025-11-03 00:42:11 UTC,200,11,1,
2025-11-03 00:42:31 UTC,200,11,1,
2025-11-03 00:42:51 UTC,200,11,1,
2025-11-03 00:43:11 UTC,200,11,1,
2025-11-03 00:43:32 UTC,200,12,1,
2025-11-03 00:43:52 UTC,200,3,1,
2025-11-03 00:44:12 UTC,200,2,1,
2025-11-03 00:44:32 UTC,200,1,1,
2025-11-03 00:44:52 UTC,200,11,1,
2025-11-03 00:45:12 UTC,200,2,1,
2025-11-03 00:45:32 UTC,200,1,1,
2025-11-03 00:45:52 UTC,200,12,1,
2025-11-03 00:46:13 UTC,200,11,1,
2025-11-03 00:46:33 UTC,200,11,1,
2025-11-03 00:46:53 UTC,200,12,1,
2025-11-03 00:47:13 UTC,200,4,1,
2025-11-03 00:47:33 UTC,200,11,1,
2025-11-03 00:47:53 UTC,200,2,1,
2025-11-03 00:48:13 UTC,200,2,1,
2025-11-03 00:48:33 UTC,200,11,1,
2025-11-03 00:48:54 UTC,200,12,1,
2025-11-03 00:49:14 UTC,200,11,1,
2025-11-03 00:49:34 UTC,200,12,1,
2025-11-03 00:49:54 UTC,200,12,1,
2025-11-03 00:50:14 UTC,200,12,1,
2025-11-03 00:50:34 UTC,200,2,1,
2025-11-03 00:50:54 UTC,200,11,1,
2025-11-03 00:51:14 UTC,200,12,1,
2025-11-03 00:51:34 UTC,200,3,1,
2025-11-03 00:51:55 UTC,200,2,1,
2025-11-03 00:52:15 UTC,200,11,1,
2025-11-03 00:52:35 UTC,200,11,1,
2025-11-03 00:52:55 UTC,200,11,1,
2025-11-03 00:53:15 UTC,200,11,1,
2025-11-03 00:53:35 UTC,200,2,1,
2025-11-03 00:53:55 UTC,200,13,1,
2025-11-03 00:54:15 UTC,200,11,1,
2025-11-03 00:54:35 UTC,200,11,1,
2025-11-03 00:54:56 UTC,200,12,1,
2025-11-03 00:55:16 UTC,200,11,1,
2025-11-03 00:55:36 UTC,200,11,1,
2025-11-03 00:55:56 UTC,200,12,1,
2025-11-03 00:56:16 UTC,200,3,1,
2025-11-03 00:56:36 UTC,200,2,1,
2025-11-03 00:56:56 UTC,200,3,1,
2025-11-03 00:57:16 UTC,200,3,1,
2025-11-03 00:57:36 UTC,200,11,1,
2025-11-03 00:57:57 UTC,200,5,1,
2025-11-03 00:58:17 UTC,200,29,1,
2025-11-03 00:58:37 UTC,200,12,1,
2025-11-03 00:58:57 UTC,200,2,1,
2025-11-03 00:59:17 UTC,200,3,1,
2025-11-03 00:59:37 UTC,200,13,1,
2025-11-03 00:59:57 UTC,200,3,1,
