timestamp,date,accountType,equity,walletBalance,unrealizedPnl,realizedPnl,openSymbols,positionCount
2025-11-02T03:21:31.431048+00:00,2025-11-02,UNIFIED,117.7528,0.0000,0.0000,,JELLYJELLYUSDT,1
2025-11-02T03:22:04.954031+00:00,2025-11-02,UNIFIED,91.9089,0.0000,0.0000,,JELLYJELLYUSDT,1
2025-11-02T03:22:38.381948+00:00,2025-11-02,UNIFIED,92.6570,0.0000,0.0000,,JELLYJELLYUSDT,1
2025-11-02T19:34:33.469224+00:00,2025-11-02,UNIFIED,3.6260,0.0000,0.0000,,PUMPFUNUSDT,1
2025-11-02T19:35:07.082261+00:00,2025-11-02,UNIFIED,3.6693,0.0000,0.0000,,PUMPFUNUSDT,1
2025-11-02T19:35:40.570655+00:00,2025-11-02,UNIFIED,3.5823,0.0000,0.0000,,PUMPFUNUSDT,1
2025-11-02T19:36:13.867647+00:00,2025-11-02,UNIFIED,3.8896,0.0000,0.0000,,PUMPFUNUSDT,1
2025-11-02T19:36:47.483211+00:00,2025-11-02,UNIFIED,3.7975,0.0000,0.0000,,PUMPFUNUSDT,1
2025-11-02T19:37:20.758446+00:00,2025-11-02,UNIFIED,4.3717,0.0000,0.0000,,PUMPFUNUSDT,1
2025-11-02T19:37:54.331452+00:00,2025-11-02,UNIFIED,4.4600,0.0000,0.0000,,PUMPFUNUSDT,1
2025-11-02T19:38:27.806412+00:00,2025-11-02,UNIFIED,4.5050,0.0000,0.0000,,PUMPFUNUSDT,1
2025-11-02T19:39:01.247562+00:00,2025-11-02,UNIFIED,4.2868,0.0000,0.0000,,PUMPFUNUSDT,1
2025-11-02T19:39:34.551469+00:00,2025-11-02,UNIFIED,3.9333,0.0000,0.0000,,PUMPFUNUSDT,1
2025-11-02T19:40:08.208050+00:00,2025-11-02,UNIFIED,3.8885,0.0000,0.0000,,PUMPFUNUSDT,1
2025-11-02T19:40:41.401246+00:00,2025-11-02,UNIFIED,3.9389,0.0000,0.0000,,,0
2025-11-02T19:41:15.136217+00:00,2025-11-02,UNIFIED,3.9395,0.0000,0.0000,,,0
2025-11-02T19:41:48.865868+00:00,2025-11-02,UNIFIED,3.9382,0.0000,0.0000,,,0
2025-11-02T19:42:22.244161+00:00,2025-11-02,UNIFIED,3.7883,0.0000,0.0000,,VIRTUALUSDT,1
2025-11-02T19:42:55.731587+00:00,2025-11-02,UNIFIED,3.6041,0.0000,0.0000,,VIRTUALUSDT,1
2025-11-02T19:43:29.094587+00:00,2025-11-02,UNIFIED,3.4955,0.0000,0.0000,,VIRTUALUSDT,1
2025-11-02T19:44:02.419019+00:00,2025-11-02,UNIFIED,3.5369,0.0000,0.0000,,VIRTUALUSDT,1
2025-11-02T19:44:35.765403+00:00,2025-11-02,UNIFIED,3.7812,0.0000,0.0000,,VIRTUALUSDT,1
2025-11-02T19:45:09.003241+00:00,2025-11-02,UNIFIED,3.4798,0.0000,0.0000,,VIRTUALUSDT,1
2025-11-02T19:45:42.701258+00:00,2025-11-02,UNIFIED,3.4968,0.0000,0.0000,,VIRTUALUSDT,1
2025-11-02T19:46:15.902138+00:00,2025-11-02,UNIFIED,3.6237,0.0000,0.0000,,VIRTUALUSDT,1
2025-11-02T19:46:49.336646+00:00,2025-11-02,UNIFIED,3.3640,0.0000,0.0000,,VIRTUALUSDT,1
2025-11-02T19:47:22.870069+00:00,2025-11-02,UNIFIED,3.4401,0.0000,0.0000,,VIRTUALUSDT,1
2025-11-02T19:47:56.772155+00:00,2025-11-02,UNIFIED,3.7065,0.0000,0.0000,,VIRTUALUSDT,1
2025-11-02T19:48:31.317320+00:00,2025-11-02,UNIFIED,3.8668,0.0000,0.0000,,VIRTUALUSDT,1
2025-11-02T19:49:05.261360+00:00,2025-11-02,UNIFIED,4.0336,0.0000,0.0000,,VIRTUALUSDT,1
2025-11-02T19:49:39.057523+00:00,2025-11-02,UNIFIED,3.9585,0.0000,0.0000,,VIRTUALUSDT,1
2025-11-02T19:50:12.458196+00:00,2025-11-02,UNIFIED,3.9011,0.0000,0.0000,,VIRTUALUSDT,1
2025-11-02T19:50:45.852771+00:00,2025-11-02,UNIFIED,4.1516,0.0000,0.0000,,VIRTUALUSDT,1
2025-11-02T19:51:19.292401+00:00,2025-11-02,UNIFIED,4.1093,0.0000,0.0000,,VIRTUALUSDT,1
2025-11-02T19:51:52.593707+00:00,2025-11-02,UNIFIED,4.0490,0.0000,0.0000,,VIRTUALUSDT,1
2025-11-02T19:52:26.090137+00:00,2025-11-02,UNIFIED,4.0937,0.0000,0.0000,,VIRTUALUSDT,1
2025-11-02T19:52:59.333640+00:00,2025-11-02,UNIFIED,3.9343,0.0000,0.0000,,VIRTUALUSDT,1
2025-11-02T19:53:32.793193+00:00,2025-11-02,UNIFIED,3.9671,0.0000,0.0000,,VIRTUALUSDT,1
2025-11-02T19:54:06.182729+00:00,2025-11-02,UNIFIED,4.0104,0.0000,0.0000,,VIRTUALUSDT,1
2025-11-02T19:54:39.605324+00:00,2025-11-02,UNIFIED,3.8625,0.0000,0.0000,,VIRTUALUSDT,1
2025-11-02T19:55:12.785543+00:00,2025-11-02,UNIFIED,3.6887,0.0000,0.0000,,VIRTUALUSDT,1
2025-11-02T19:55:46.234130+00:00,2025-11-02,UNIFIED,3.6160,0.0000,0.0000,,,0
2025-11-02T19:56:19.809541+00:00,2025-11-02,UNIFIED,3.4764,0.0000,0.0000,,DGBUSDT,1
2025-11-02T19:56:53.667431+00:00,2025-11-02,UNIFIED,3.2102,0.0000,0.0000,,DGBUSDT,1
2025-11-02T19:57:27.251966+00:00,2025-11-02,UNIFIED,2.7321,0.0000,0.0000,,,0
2025-11-02T19:58:01.530219+00:00,2025-11-02,UNIFIED,2.7317,0.0000,0.0000,,,0
2025-11-02T19:58:34.765990+00:00,2025-11-02,UNIFIED,2.7334,0.0000,0.0000,,,0
2025-11-02T19:59:08.064876+00:00,2025-11-02,UNIFIED,2.7333,0.0000,0.0000,,,0
2025-11-02T19:59:41.388527+00:00,2025-11-02,UNIFIED,2.7347,0.0000,0.0000,,,0
2025-11-02T20:00:14.994008+00:00,2025-11-02,UNIFIED,2.7342,0.0000,0.0000,,,0
2025-11-02T20:00:49.112381+00:00,2025-11-02,UNIFIED,2.7338,0.0000,0.0000,,,0
2025-11-02T20:01:22.837844+00:00,2025-11-02,UNIFIED,2.7166,0.0000,0.0000,,DGBUSDT,1
2025-11-02T20:01:56.687796+00:00,2025-11-02,UNIFIED,2.8594,0.0000,0.0000,,DGBUSDT,1
2025-11-02T20:02:30.453139+00:00,2025-11-02,UNIFIED,2.5057,0.0000,0.0000,,DGBUSDT,1
2025-11-02T20:03:04.186117+00:00,2025-11-02,UNIFIED,2.4843,0.0000,0.0000,,DGBUSDT,1
2025-11-02T20:03:38.223772+00:00,2025-11-02,UNIFIED,1.9824,0.0000,0.0000,,DGBUSDT,1
2025-11-02T20:04:12.096218+00:00,2025-11-02,UNIFIED,1.8363,0.0000,0.0000,,DGBUSDT,1
2025-11-02T20:04:45.905173+00:00,2025-11-02,UNIFIED,1.7661,0.0000,0.0000,,DGBUSDT,1
2025-11-02T20:05:19.569958+00:00,2025-11-02,UNIFIED,2.3105,0.0000,0.0000,,DGBUSDT,1
2025-11-02T20:05:53.568931+00:00,2025-11-02,UNIFIED,2.4924,0.0000,0.0000,,DGBUSDT,1
2025-11-02T20:06:27.125128+00:00,2025-11-02,UNIFIED,2.1540,0.0000,0.0000,,,0
2025-11-02T20:07:00.757468+00:00,2025-11-02,UNIFIED,2.1547,0.0000,0.0000,,,0
2025-11-02T20:07:35.379522+00:00,2025-11-02,UNIFIED,2.1526,0.0000,0.0000,,,0
2025-11-02T20:08:09.100039+00:00,2025-11-02,UNIFIED,2.1530,0.0000,0.0000,,,0
2025-11-02T20:08:42.657642+00:00,2025-11-02,UNIFIED,2.1514,0.0000,0.0000,,,0
2025-11-02T20:09:16.397569+00:00,2025-11-02,UNIFIED,2.1513,0.0000,0.0000,,,0
2025-11-02T20:09:49.691881+00:00,2025-11-02,UNIFIED,2.1516,0.0000,0.0000,,,0
2025-11-02T20:10:22.922914+00:00,2025-11-02,UNIFIED,2.1508,0.0000,0.0000,,,0
2025-11-02T20:10:56.837237+00:00,2025-11-02,UNIFIED,2.1488,0.0000,0.0000,,,0
2025-11-02T20:11:30.370534+00:00,2025-11-02,UNIFIED,2.1469,0.0000,0.0000,,,0
2025-11-02T20:12:03.902934+00:00,2025-11-02,UNIFIED,2.1458,0.0000,0.0000,,,0
2025-11-02T20:12:37.603674+00:00,2025-11-02,UNIFIED,2.1447,0.0000,0.0000,,,0
2025-11-02T20:13:10.969825+00:00,2025-11-02,UNIFIED,2.1445,0.0000,0.0000,,,0
2025-11-02T20:13:45.055013+00:00,2025-11-02,UNIFIED,2.1451,0.0000,0.0000,,,0
2025-11-02T20:14:18.299277+00:00,2025-11-02,UNIFIED,2.1436,0.0000,0.0000,,,0
2025-11-02T20:14:51.621865+00:00,2025-11-02,UNIFIED,2.0378,0.0000,0.0000,,JELLYJELLYUSDT,1
2025-11-02T20:15:24.921363+00:00,2025-11-02,UNIFIED,1.8950,0.0000,0.0000,,JELLYJELLYUSDT,1
2025-11-02T20:15:58.155773+00:00,2025-11-02,UNIFIED,1.8523,0.0000,0.0000,,JELLYJELLYUSDT,1
2025-11-02T20:16:31.515115+00:00,2025-11-02,UNIFIED,1.9572,0.0000,0.0000,,JELLYJELLYUSDT,1
2025-11-02T20:17:05.064251+00:00,2025-11-02,UNIFIED,2.0007,0.0000,0.0000,,JELLYJELLYUSDT,1
2025-11-02T20:17:38.396378+00:00,2025-11-02,UNIFIED,1.9078,0.0000,0.0000,,JELLYJELLYUSDT,1
2025-11-02T20:18:11.835176+00:00,2025-11-02,UNIFIED,1.8721,0.0000,0.0000,,JELLYJELLYUSDT,1
2025-11-02T20:18:46.643355+00:00,2025-11-02,UNIFIED,1.8224,0.0000,0.0000,,,0
2025-11-02T20:19:19.911480+00:00,2025-11-02,UNIFIED,1.8294,0.0000,0.0000,,,0
2025-11-02T20:19:54.212183+00:00,2025-11-02,UNIFIED,1.8294,0.0000,0.0000,,,0
2025-11-02T20:20:27.436449+00:00,2025-11-02,UNIFIED,1.8302,0.0000,0.0000,,,0
2025-11-02T20:21:00.747984+00:00,2025-11-02,UNIFIED,1.8308,0.0000,0.0000,,,0
2025-11-02T20:21:34.168944+00:00,2025-11-02,UNIFIED,1.8297,0.0000,0.0000,,,0
2025-11-02T20:22:07.492603+00:00,2025-11-02,UNIFIED,1.8299,0.0000,0.0000,,,0
2025-11-02T20:22:40.967219+00:00,2025-11-02,UNIFIED,1.9787,0.0000,0.0000,,RIVERUSDT,1
2025-11-02T20:23:14.249422+00:00,2025-11-02,UNIFIED,2.1999,0.0000,0.0000,,RIVERUSDT,1
2025-11-02T20:23:47.584183+00:00,2025-11-02,UNIFIED,2.3100,0.0000,0.0000,,RIVERUSDT,1
2025-11-02T20:24:21.124624+00:00,2025-11-02,UNIFIED,2.2155,0.0000,0.0000,,RIVERUSDT,1
2025-11-02T20:24:54.524483+00:00,2025-11-02,UNIFIED,2.1286,0.0000,0.0000,,RIVERUSDT,1
2025-11-02T20:25:27.907130+00:00,2025-11-02,UNIFIED,2.0344,0.0000,0.0000,,RIVERUSDT,1
2025-11-02T20:26:01.356328+00:00,2025-11-02,UNIFIED,1.8372,0.0000,0.0000,,RIVERUSDT,1
2025-11-02T20:26:34.713638+00:00,2025-11-02,UNIFIED,1.8360,0.0000,0.0000,,RIVERUSDT,1
2025-11-02T20:27:08.000082+00:00,2025-11-02,UNIFIED,1.9466,0.0000,0.0000,,RIVERUSDT,1
2025-11-02T20:27:41.259055+00:00,2025-11-02,UNIFIED,1.9622,0.0000,0.0000,,RIVERUSDT,1
2025-11-02T20:28:14.442161+00:00,2025-11-02,UNIFIED,1.9941,0.0000,0.0000,,RIVERUSDT,1
2025-11-02T20:28:47.733295+00:00,2025-11-02,UNIFIED,2.4132,0.0000,0.0000,,RIVERUSDT,1
2025-11-02T20:29:21.236301+00:00,2025-11-02,UNIFIED,2.4603,0.0000,0.0000,,RIVERUSDT,1
2025-11-02T20:29:54.422575+00:00,2025-11-02,UNIFIED,2.3898,0.0000,0.0000,,RIVERUSDT,1
2025-11-02T20:30:27.682335+00:00,2025-11-02,UNIFIED,2.4367,0.0000,0.0000,,RIVERUSDT,1
2025-11-02T20:31:00.975279+00:00,2025-11-02,UNIFIED,2.3973,0.0000,0.0000,,RIVERUSDT,1
2025-11-02T20:31:34.318719+00:00,2025-11-02,UNIFIED,2.5644,0.0000,0.0000,,RIVERUSDT,1
2025-11-02T20:32:07.577730+00:00,2025-11-02,UNIFIED,2.6983,0.0000,0.0000,,RIVERUSDT,1
2025-11-02T20:32:40.947062+00:00,2025-11-02,UNIFIED,2.6428,0.0000,0.0000,,RIVERUSDT,1
2025-11-02T20:33:14.190420+00:00,2025-11-02,UNIFIED,2.8576,0.0000,0.0000,,RIVERUSDT,1
2025-11-02T20:33:47.580750+00:00,2025-11-02,UNIFIED,2.5639,0.0000,0.0000,,RIVERUSDT,1
2025-11-02T20:34:21.151327+00:00,2025-11-02,UNIFIED,2.8690,0.0000,0.0000,,RIVERUSDT,1
2025-11-02T20:34:54.379569+00:00,2025-11-02,UNIFIED,3.0159,0.0000,0.0000,,RIVERUSDT,1
2025-11-02T20:35:27.659901+00:00,2025-11-02,UNIFIED,2.9930,0.0000,0.0000,,RIVERUSDT,1
2025-11-02T20:36:01.131596+00:00,2025-11-02,UNIFIED,4.3491,0.0000,0.0000,,RIVERUSDT,1
2025-11-02T20:36:35.234525+00:00,2025-11-02,UNIFIED,4.8522,0.0000,0.0000,,RIVERUSDT,1
2025-11-02T20:37:08.714859+00:00,2025-11-02,UNIFIED,6.8503,0.0000,0.0000,,RIVERUSDT,1
2025-11-02T20:37:42.338189+00:00,2025-11-02,UNIFIED,6.9898,0.0000,0.0000,,RIVERUSDT,1
2025-11-02T20:38:15.835322+00:00,2025-11-02,UNIFIED,7.2942,0.0000,0.0000,,RIVERUSDT,1
2025-11-02T20:38:49.068535+00:00,2025-11-02,UNIFIED,7.1521,0.0000,0.0000,,RIVERUSDT,1
2025-11-02T20:39:22.412551+00:00,2025-11-02,UNIFIED,8.3388,0.0000,0.0000,,RIVERUSDT,1
2025-11-02T20:39:55.662164+00:00,2025-11-02,UNIFIED,10.2806,0.0000,0.0000,,RIVERUSDT,1
2025-11-02T20:40:29.130109+00:00,2025-11-02,UNIFIED,11.6194,0.0000,0.0000,,RIVERUSDT,1
2025-11-02T20:41:02.405536+00:00,2025-11-02,UNIFIED,10.6835,0.0000,0.0000,,RIVERUSDT,1
2025-11-02T20:41:35.805449+00:00,2025-11-02,UNIFIED,10.6631,0.0000,0.0000,,RIVERUSDT,1
2025-11-02T20:42:09.034679+00:00,2025-11-02,UNIFIED,9.4381,0.0000,0.0000,,RIVERUSDT,1
2025-11-02T20:42:42.195026+00:00,2025-11-02,UNIFIED,8.5128,0.0000,0.0000,,RIVERUSDT,1
2025-11-02T20:43:15.442858+00:00,2025-11-02,UNIFIED,10.2011,0.0000,0.0000,,RIVERUSDT,1
2025-11-02T20:43:48.704631+00:00,2025-11-02,UNIFIED,9.3767,0.0000,0.0000,,RIVERUSDT,1
2025-11-02T20:44:22.195311+00:00,2025-11-02,UNIFIED,8.7538,0.0000,0.0000,,RIVERUSDT,1
2025-11-02T20:44:55.674594+00:00,2025-11-02,UNIFIED,8.6133,0.0000,0.0000,,RIVERUSDT,1
2025-11-02T20:45:28.905469+00:00,2025-11-02,UNIFIED,7.3877,0.0000,0.0000,,RIVERUSDT,1
2025-11-02T20:46:02.435564+00:00,2025-11-02,UNIFIED,5.9457,0.0000,0.0000,,PUMPFUNUSDT,1
2025-11-02T20:46:35.680625+00:00,2025-11-02,UNIFIED,5.7378,0.0000,0.0000,,PUMPFUNUSDT,1
2025-11-02T20:47:08.984741+00:00,2025-11-02,UNIFIED,5.8078,0.0000,0.0000,,PUMPFUNUSDT,1
2025-11-02T20:47:42.346155+00:00,2025-11-02,UNIFIED,5.6690,0.0000,0.0000,,PUMPFUNUSDT,1
2025-11-02T20:48:15.813198+00:00,2025-11-02,UNIFIED,5.6004,0.0000,0.0000,,PUMPFUNUSDT,1
2025-11-02T20:48:49.087222+00:00,2025-11-02,UNIFIED,5.4377,0.0000,0.0000,,RIVERUSDT,1
2025-11-02T20:49:22.367394+00:00,2025-11-02,UNIFIED,6.4984,0.0000,0.0000,,RIVERUSDT,1
2025-11-02T20:49:55.665448+00:00,2025-11-02,UNIFIED,6.0455,0.0000,0.0000,,RIVERUSDT,1
2025-11-02T20:50:28.944334+00:00,2025-11-02,UNIFIED,6.0451,0.0000,0.0000,,RIVERUSDT,1
2025-11-02T20:51:02.235182+00:00,2025-11-02,UNIFIED,6.8067,0.0000,0.0000,,RIVERUSDT,1
2025-11-02T20:51:36.120061+00:00,2025-11-02,UNIFIED,6.8551,0.0000,0.0000,,RIVERUSDT,1
2025-11-02T20:52:09.368341+00:00,2025-11-02,UNIFIED,6.5460,0.0000,0.0000,,RIVERUSDT,1
2025-11-02T20:52:42.852140+00:00,2025-11-02,UNIFIED,6.1176,0.0000,0.0000,,RIVERUSDT,1
2025-11-02T20:53:16.052654+00:00,2025-11-02,UNIFIED,5.2609,0.0000,0.0000,,RIVERUSDT,1
2025-11-02T20:53:49.655450+00:00,2025-11-02,UNIFIED,6.3070,0.0000,0.0000,,RIVERUSDT,1
2025-11-02T20:54:22.948096+00:00,2025-11-02,UNIFIED,6.4502,0.0000,0.0000,,RIVERUSDT,1
2025-11-02T20:54:56.546628+00:00,2025-11-02,UNIFIED,5.7126,0.0000,0.0000,,RIVERUSDT,1
2025-11-02T20:55:29.871627+00:00,2025-11-02,UNIFIED,7.0695,0.0000,0.0000,,RIVERUSDT,1
2025-11-02T20:56:03.402122+00:00,2025-11-02,UNIFIED,6.8546,0.0000,0.0000,,RIVERUSDT,1
2025-11-02T20:56:36.745582+00:00,2025-11-02,UNIFIED,7.3316,0.0000,0.0000,,RIVERUSDT,1
2025-11-02T20:57:09.995125+00:00,2025-11-02,UNIFIED,7.5030,0.0000,0.0000,,RIVERUSDT,1
2025-11-02T20:57:43.567582+00:00,2025-11-02,UNIFIED,6.4888,0.0000,0.0000,,RIVERUSDT,1
2025-11-02T20:58:16.781332+00:00,2025-11-02,UNIFIED,10.0677,0.0000,0.0000,,RIVERUSDT,1
2025-11-02T20:58:50.093074+00:00,2025-11-02,UNIFIED,13.1026,0.0000,0.0000,,RIVERUSDT,1
2025-11-02T20:59:23.629868+00:00,2025-11-02,UNIFIED,12.8511,0.0000,0.0000,,RIVERUSDT,1
2025-11-02T20:59:56.884705+00:00,2025-11-02,UNIFIED,12.1347,0.0000,0.0000,,"DGBUSDT,RIVERUSDT",2
2025-11-02T21:00:30.468889+00:00,2025-11-02,UNIFIED,11.1370,0.0000,0.0000,,"DGBUSDT,RIVERUSDT",2
2025-11-02T21:01:03.766508+00:00,2025-11-02,UNIFIED,11.3184,0.0000,0.0000,,"DGBUSDT,RIVERUSDT",2
2025-11-02T21:01:37.031163+00:00,2025-11-02,UNIFIED,11.1610,0.0000,0.0000,,"DGBUSDT,RIVERUSDT",2
2025-11-02T21:02:10.341460+00:00,2025-11-02,UNIFIED,11.2784,0.0000,0.0000,,"DGBUSDT,RIVERUSDT",2
2025-11-02T21:02:44.299264+00:00,2025-11-02,UNIFIED,11.5351,0.0000,0.0000,,"DGBUSDT,RIVERUSDT",2
2025-11-02T21:03:17.544251+00:00,2025-11-02,UNIFIED,14.0011,0.0000,0.0000,,"DGBUSDT,RIVERUSDT",2
2025-11-02T21:03:50.946791+00:00,2025-11-02,UNIFIED,14.4389,0.0000,0.0000,,"DGBUSDT,RIVERUSDT",2
2025-11-02T21:04:24.191602+00:00,2025-11-02,UNIFIED,14.4151,0.0000,0.0000,,"DGBUSDT,RIVERUSDT",2
2025-11-02T21:04:58.143352+00:00,2025-11-02,UNIFIED,13.5632,0.0000,0.0000,,"RIVERUSDT,DGBUSDT",2
2025-11-02T21:05:32.064974+00:00,2025-11-02,UNIFIED,11.8997,0.0000,0.0000,,"RIVERUSDT,DGBUSDT",2
2025-11-02T21:06:05.742393+00:00,2025-11-02,UNIFIED,10.4749,0.0000,0.0000,,DGBUSDT,1
2025-11-02T21:06:39.588777+00:00,2025-11-02,UNIFIED,10.0742,0.0000,0.0000,,PUMPFUNUSDT,1
2025-11-02T21:07:14.310416+00:00,2025-11-02,UNIFIED,10.3241,0.0000,0.0000,,PUMPFUNUSDT,1
2025-11-02T21:07:48.648959+00:00,2025-11-02,UNIFIED,10.3248,0.0000,0.0000,,PUMPFUNUSDT,1
2025-11-02T21:08:21.893530+00:00,2025-11-02,UNIFIED,10.6999,0.0000,0.0000,,PUMPFUNUSDT,1
2025-11-02T21:08:55.878575+00:00,2025-11-02,UNIFIED,10.5751,0.0000,0.0000,,PUMPFUNUSDT,1
2025-11-02T21:09:29.395526+00:00,2025-11-02,UNIFIED,10.3252,0.0000,0.0000,,PUMPFUNUSDT,1
2025-11-02T21:10:02.708209+00:00,2025-11-02,UNIFIED,9.6992,0.0000,0.0000,,PUMPFUNUSDT,1
2025-11-02T21:10:36.412818+00:00,2025-11-02,UNIFIED,9.4487,0.0000,0.0000,,PUMPFUNUSDT,1
2025-11-02T21:11:09.782462+00:00,2025-11-02,UNIFIED,9.5740,0.0000,0.0000,,PUMPFUNUSDT,1
2025-11-02T21:11:43.239235+00:00,2025-11-02,UNIFIED,9.6985,0.0000,0.0000,,PUMPFUNUSDT,1
2025-11-02T21:12:16.505473+00:00,2025-11-02,UNIFIED,9.4482,0.0000,0.0000,,PUMPFUNUSDT,1
2025-11-02T21:12:49.817269+00:00,2025-11-02,UNIFIED,9.4487,0.0000,0.0000,,PUMPFUNUSDT,1
2025-11-02T21:13:23.253757+00:00,2025-11-02,UNIFIED,8.8228,0.0000,0.0000,,PUMPFUNUSDT,1
2025-11-02T21:13:56.766786+00:00,2025-11-02,UNIFIED,9.0730,0.0000,0.0000,,PUMPFUNUSDT,1
2025-11-02T21:14:30.456581+00:00,2025-11-02,UNIFIED,8.3224,0.0000,0.0000,,PUMPFUNUSDT,1
2025-11-02T21:15:03.991098+00:00,2025-11-02,UNIFIED,7.9493,0.0000,0.0000,,AI16ZUSDT,1
2025-11-02T21:15:37.187925+00:00,2025-11-02,UNIFIED,7.9834,0.0000,0.0000,,AI16ZUSDT,1
2025-11-02T21:16:10.541642+00:00,2025-11-02,UNIFIED,8.0177,0.0000,0.0000,,AI16ZUSDT,1
2025-11-02T21:16:43.781527+00:00,2025-11-02,UNIFIED,8.1353,0.0000,0.0000,,AI16ZUSDT,1
2025-11-02T21:17:17.056538+00:00,2025-11-02,UNIFIED,8.0339,0.0000,0.0000,,AI16ZUSDT,1
2025-11-02T21:17:50.483564+00:00,2025-11-02,UNIFIED,7.9328,0.0000,0.0000,,AI16ZUSDT,1
2025-11-02T21:18:23.960286+00:00,2025-11-02,UNIFIED,7.8143,0.0000,0.0000,,AI16ZUSDT,1
2025-11-02T21:18:57.172236+00:00,2025-11-02,UNIFIED,7.7644,0.0000,0.0000,,AI16ZUSDT,1
2025-11-02T21:19:30.489565+00:00,2025-11-02,UNIFIED,7.7134,0.0000,0.0000,,AI16ZUSDT,1
2025-11-02T21:20:03.764671+00:00,2025-11-02,UNIFIED,7.5781,0.0000,0.0000,,AI16ZUSDT,1
2025-11-02T21:20:37.574931+00:00,2025-11-02,UNIFIED,7.6961,0.0000,0.0000,,AI16ZUSDT,1
2025-11-02T21:21:11.278956+00:00,2025-11-02,UNIFIED,7.5275,0.0000,0.0000,,AI16ZUSDT,1
2025-11-02T21:21:44.928804+00:00,2025-11-02,UNIFIED,7.1881,0.0000,0.0000,,AI16ZUSDT,1
2025-11-02T21:22:18.218358+00:00,2025-11-02,UNIFIED,7.2388,0.0000,0.0000,,AI16ZUSDT,1
2025-11-02T21:22:51.512568+00:00,2025-11-02,UNIFIED,7.3410,0.0000,0.0000,,AI16ZUSDT,1
2025-11-02T21:23:24.928916+00:00,2025-11-02,UNIFIED,7.2381,0.0000,0.0000,,AI16ZUSDT,1
2025-11-02T21:23:58.309037+00:00,2025-11-02,UNIFIED,7.1878,0.0000,0.0000,,AI16ZUSDT,1
2025-11-02T21:24:31.656397+00:00,2025-11-02,UNIFIED,6.9668,0.0000,0.0000,,AI16ZUSDT,1
2025-11-02T21:25:05.566042+00:00,2025-11-02,UNIFIED,7.1363,0.0000,0.0000,,AI16ZUSDT,1
2025-11-02T21:25:38.895875+00:00,2025-11-02,UNIFIED,6.9483,0.0000,0.0000,,AI16ZUSDT,1
2025-11-02T21:26:13.455745+00:00,2025-11-02,UNIFIED,5.9742,0.0000,0.0000,,,0
2025-11-02T21:26:46.576092+00:00,2025-11-02,UNIFIED,5.1561,0.0000,0.0000,,RIVERUSDT,1
2025-11-02T21:27:19.896852+00:00,2025-11-02,UNIFIED,4.4823,0.0000,0.0000,,RIVERUSDT,1
2025-11-02T21:27:53.101618+00:00,2025-11-02,UNIFIED,4.8570,0.0000,0.0000,,RIVERUSDT,1
2025-11-02T21:28:26.347449+00:00,2025-11-02,UNIFIED,5.4189,0.0000,0.0000,,RIVERUSDT,1
2025-11-02T21:29:00.102767+00:00,2025-11-02,UNIFIED,4.7948,0.0000,0.0000,,RIVERUSDT,1
2025-11-02T21:29:34.161090+00:00,2025-11-02,UNIFIED,5.2316,0.0000,0.0000,,RIVERUSDT,1
2025-11-02T21:30:08.311540+00:00,2025-11-02,UNIFIED,4.3158,0.0000,0.0000,,RIVERUSDT,1
2025-11-02T21:30:42.252134+00:00,2025-11-02,UNIFIED,3.7960,0.0000,0.0000,,,0
2025-11-02T21:31:16.475563+00:00,2025-11-02,UNIFIED,4.0425,0.0000,0.0000,,RIVERUSDT,1
2025-11-02T21:31:50.169806+00:00,2025-11-02,UNIFIED,3.8702,0.0000,0.0000,,RIVERUSDT,1
2025-11-02T21:32:23.881647+00:00,2025-11-02,UNIFIED,3.4181,0.0000,0.0000,,RIVERUSDT,1
2025-11-02T21:32:57.824063+00:00,2025-11-02,UNIFIED,3.5400,0.0000,0.0000,,RIVERUSDT,1
2025-11-02T21:33:31.651050+00:00,2025-11-02,UNIFIED,3.6951,0.0000,0.0000,,RIVERUSDT,1
2025-11-02T21:34:05.517419+00:00,2025-11-02,UNIFIED,3.9373,0.0000,0.0000,,RIVERUSDT,1
2025-11-02T21:34:39.328547+00:00,2025-11-02,UNIFIED,3.7645,0.0000,0.0000,,RIVERUSDT,1
2025-11-02T21:35:13.066352+00:00,2025-11-02,UNIFIED,4.0589,0.0000,0.0000,,RIVERUSDT,1
2025-11-02T21:35:46.499858+00:00,2025-11-02,UNIFIED,4.0414,0.0000,0.0000,,RIVERUSDT,1
2025-11-02T21:36:20.270711+00:00,2025-11-02,UNIFIED,4.3000,0.0000,0.0000,,RIVERUSDT,1
2025-11-02T21:36:53.643433+00:00,2025-11-02,UNIFIED,4.2310,0.0000,0.0000,,RIVERUSDT,1
2025-11-02T21:37:27.371505+00:00,2025-11-02,UNIFIED,3.6605,0.0000,0.0000,,RIVERUSDT,1
2025-11-02T21:38:00.657130+00:00,2025-11-02,UNIFIED,3.6088,0.0000,0.0000,,RIVERUSDT,1
2025-11-02T21:38:34.716248+00:00,2025-11-02,UNIFIED,3.7320,0.0000,0.0000,,RIVERUSDT,1
2025-11-02T21:39:08.486346+00:00,2025-11-02,UNIFIED,3.5414,0.0000,0.0000,,RIVERUSDT,1
2025-11-02T21:39:41.968059+00:00,2025-11-02,UNIFIED,3.5938,0.0000,0.0000,,RIVERUSDT,1
2025-11-02T21:40:15.516859+00:00,2025-11-02,UNIFIED,3.6803,0.0000,0.0000,,RIVERUSDT,1
2025-11-02T21:40:49.123725+00:00,2025-11-02,UNIFIED,3.6634,0.0000,0.0000,,RIVERUSDT,1
2025-11-02T21:41:22.411783+00:00,2025-11-02,UNIFIED,3.2820,0.0000,0.0000,,RIVERUSDT,1
2025-11-02T21:41:55.945776+00:00,2025-11-02,UNIFIED,3.0431,0.0000,0.0000,,,0
2025-11-02T21:42:30.070548+00:00,2025-11-02,UNIFIED,3.2333,0.0000,0.0000,,RIVERUSDT,1
2025-11-02T21:43:03.369896+00:00,2025-11-02,UNIFIED,3.0367,0.0000,0.0000,,RIVERUSDT,1
2025-11-02T21:43:36.944069+00:00,2025-11-02,UNIFIED,2.8683,0.0000,0.0000,,RIVERUSDT,1
2025-11-02T21:44:11.576326+00:00,2025-11-02,UNIFIED,2.9117,0.0000,0.0000,,RIVERUSDT,1
2025-11-02T21:44:45.975062+00:00,2025-11-02,UNIFIED,2.5457,0.0000,0.0000,,RIVERUSDT,1
2025-11-02T21:45:19.200905+00:00,2025-11-02,UNIFIED,2.9830,0.0000,0.0000,,RIVERUSDT,1
2025-11-02T21:45:52.599384+00:00,2025-11-02,UNIFIED,2.5788,0.0000,0.0000,,RIVERUSDT,1
2025-11-02T21:46:25.930681+00:00,2025-11-02,UNIFIED,2.6298,0.0000,0.0000,,RIVERUSDT,1
2025-11-02T21:46:59.685663+00:00,2025-11-02,UNIFIED,2.6302,0.0000,0.0000,,RIVERUSDT,1
2025-11-02T21:47:33.093010+00:00,2025-11-02,UNIFIED,2.8107,0.0000,0.0000,,RIVERUSDT,1
2025-11-02T21:48:06.681482+00:00,2025-11-02,UNIFIED,2.9921,0.0000,0.0000,,RIVERUSDT,1
2025-11-02T21:48:39.961351+00:00,2025-11-02,UNIFIED,2.9402,0.0000,0.0000,,RIVERUSDT,1
2025-11-02T21:49:13.317942+00:00,2025-11-02,UNIFIED,2.9662,0.0000,0.0000,,RIVERUSDT,1
2025-11-02T21:49:47.335063+00:00,2025-11-02,UNIFIED,2.9805,0.0000,0.0000,,RIVERUSDT,1
2025-11-02T21:50:21.263505+00:00,2025-11-02,UNIFIED,3.3427,0.0000,0.0000,,RIVERUSDT,1
2025-11-02T21:50:55.269273+00:00,2025-11-02,UNIFIED,3.5641,0.0000,0.0000,,RIVERUSDT,1
2025-11-02T21:51:29.547789+00:00,2025-11-02,UNIFIED,3.9417,0.0000,0.0000,,RIVERUSDT,1
2025-11-02T21:52:03.319708+00:00,2025-11-02,UNIFIED,4.6555,0.0000,0.0000,,RIVERUSDT,1
2025-11-02T21:52:37.634161+00:00,2025-11-02,UNIFIED,4.5018,0.0000,0.0000,,RIVERUSDT,1
2025-11-02T21:53:11.154462+00:00,2025-11-02,UNIFIED,4.6177,0.0000,0.0000,,RIVERUSDT,1
2025-11-02T21:53:44.845839+00:00,2025-11-02,UNIFIED,4.5406,0.0000,0.0000,,RIVERUSDT,1
2025-11-02T21:54:18.389299+00:00,2025-11-02,UNIFIED,4.4240,0.0000,0.0000,,RIVERUSDT,1
2025-11-02T21:54:52.283204+00:00,2025-11-02,UNIFIED,4.4815,0.0000,0.0000,,RIVERUSDT,1
2025-11-02T21:55:25.933510+00:00,2025-11-02,UNIFIED,4.3457,0.0000,0.0000,,RIVERUSDT,1
2025-11-02T21:55:59.410826+00:00,2025-11-02,UNIFIED,4.7516,0.0000,0.0000,,RIVERUSDT,1
2025-11-02T21:56:33.213995+00:00,2025-11-02,UNIFIED,4.7133,0.0000,0.0000,,RIVERUSDT,1
2025-11-02T21:57:07.258046+00:00,2025-11-02,UNIFIED,4.5969,0.0000,0.0000,,RIVERUSDT,1
2025-11-02T21:57:40.876269+00:00,2025-11-02,UNIFIED,3.9202,0.0000,0.0000,,RIVERUSDT,1
2025-11-02T21:58:14.440533+00:00,2025-11-02,UNIFIED,3.4754,0.0000,0.0000,,RIVERUSDT,1
2025-11-02T21:58:48.008710+00:00,2025-11-02,UNIFIED,3.5140,0.0000,0.0000,,RIVERUSDT,1
2025-11-02T21:59:21.649813+00:00,2025-11-02,UNIFIED,3.9379,0.0000,0.0000,,RIVERUSDT,1
2025-11-02T21:59:55.577644+00:00,2025-11-02,UNIFIED,4.0343,0.0000,0.0000,,RIVERUSDT,1
2025-11-02T22:00:29.229410+00:00,2025-11-02,UNIFIED,4.5159,0.0000,0.0000,,RIVERUSDT,1
2025-11-02T22:01:02.934229+00:00,2025-11-02,UNIFIED,4.3603,0.0000,0.0000,,RIVERUSDT,1
2025-11-02T22:01:36.780465+00:00,2025-11-02,UNIFIED,4.5528,0.0000,0.0000,,RIVERUSDT,1
2025-11-02T22:02:10.189332+00:00,2025-11-02,UNIFIED,4.8998,0.0000,0.0000,,RIVERUSDT,1
2025-11-02T22:02:43.541405+00:00,2025-11-02,UNIFIED,4.9194,0.0000,0.0000,,RIVERUSDT,1
2025-11-02T22:03:17.336685+00:00,2025-11-02,UNIFIED,4.3407,0.0000,0.0000,,RIVERUSDT,1
2025-11-02T22:03:51.052357+00:00,2025-11-02,UNIFIED,4.1665,0.0000,0.0000,,RIVERUSDT,1
2025-11-02T22:04:24.512333+00:00,2025-11-02,UNIFIED,3.7613,0.0000,0.0000,,RIVERUSDT,1
2025-11-02T22:04:58.201613+00:00,2025-11-02,UNIFIED,3.5494,0.0000,0.0000,,RIVERUSDT,1
2025-11-02T22:05:31.975850+00:00,2025-11-02,UNIFIED,3.4290,0.0000,0.0000,,RIVERUSDT,1
2025-11-02T22:06:05.593043+00:00,2025-11-02,UNIFIED,3.6621,0.0000,0.0000,,RIVERUSDT,1
2025-11-02T22:06:39.244085+00:00,2025-11-02,UNIFIED,4.3207,0.0000,0.0000,,RIVERUSDT,1
2025-11-02T22:07:12.867216+00:00,2025-11-02,UNIFIED,4.4710,0.0000,0.0000,,RIVERUSDT,1
2025-11-02T22:07:46.638044+00:00,2025-11-02,UNIFIED,4.7538,0.0000,0.0000,,RIVERUSDT,1
2025-11-02T22:08:20.126895+00:00,2025-11-02,UNIFIED,4.6239,0.0000,0.0000,,RIVERUSDT,1
2025-11-02T22:08:54.073661+00:00,2025-11-02,UNIFIED,4.6241,0.0000,0.0000,,RIVERUSDT,1
2025-11-02T22:09:27.696785+00:00,2025-11-02,UNIFIED,4.4551,0.0000,0.0000,,RIVERUSDT,1
2025-11-02T22:10:01.360415+00:00,2025-11-02,UNIFIED,4.3502,0.0000,0.0000,,RIVERUSDT,1
2025-11-02T22:10:34.965619+00:00,2025-11-02,UNIFIED,4.6023,0.0000,0.0000,,RIVERUSDT,1
2025-11-02T22:11:08.747601+00:00,2025-11-02,UNIFIED,4.5820,0.0000,0.0000,,RIVERUSDT,1
2025-11-02T22:11:42.455626+00:00,2025-11-02,UNIFIED,4.5808,0.0000,0.0000,,RIVERUSDT,1
2025-11-02T22:12:16.304843+00:00,2025-11-02,UNIFIED,4.7277,0.0000,0.0000,,RIVERUSDT,1
2025-11-02T22:12:49.627479+00:00,2025-11-02,UNIFIED,4.6573,0.0000,0.0000,,RIVERUSDT,1
2025-11-02T22:13:23.202908+00:00,2025-11-02,UNIFIED,4.7649,0.0000,0.0000,,RIVERUSDT,1
2025-11-02T22:13:56.478470+00:00,2025-11-02,UNIFIED,3.3232,0.0000,0.0000,,RIVERUSDT,1
2025-11-02T22:14:29.957810+00:00,2025-11-02,UNIFIED,3.5945,0.0000,0.0000,,RIVERUSDT,1
2025-11-02T22:15:03.241976+00:00,2025-11-02,UNIFIED,3.6925,0.0000,0.0000,,RIVERUSDT,1
2025-11-02T22:15:36.772612+00:00,2025-11-02,UNIFIED,3.8503,0.0000,0.0000,,RIVERUSDT,1
2025-11-02T22:16:10.053305+00:00,2025-11-02,UNIFIED,4.0028,0.0000,0.0000,,RIVERUSDT,1
2025-11-02T22:16:43.963882+00:00,2025-11-02,UNIFIED,4.0641,0.0000,0.0000,,RIVERUSDT,1
2025-11-02T22:17:17.876068+00:00,2025-11-02,UNIFIED,4.2611,0.0000,0.0000,,RIVERUSDT,1
2025-11-02T22:17:51.770214+00:00,2025-11-02,UNIFIED,4.5151,0.0000,0.0000,,RIVERUSDT,1
2025-11-02T22:18:25.415906+00:00,2025-11-02,UNIFIED,4.7153,0.0000,0.0000,,RIVERUSDT,1
2025-11-02T22:18:59.278649+00:00,2025-11-02,UNIFIED,4.7886,0.0000,0.0000,,RIVERUSDT,1
2025-11-02T22:19:32.971888+00:00,2025-11-02,UNIFIED,4.8063,0.0000,0.0000,,RIVERUSDT,1
2025-11-02T22:20:08.689188+00:00,2025-11-02,UNIFIED,4.9710,0.0000,0.0000,,RIVERUSDT,1
2025-11-02T22:20:42.789037+00:00,2025-11-02,UNIFIED,5.6950,0.0000,0.0000,,RIVERUSDT,1
2025-11-02T22:21:16.621102+00:00,2025-11-02,UNIFIED,5.7581,0.0000,0.0000,,RIVERUSDT,1
2025-11-02T22:21:50.114063+00:00,2025-11-02,UNIFIED,6.0979,0.0000,0.0000,,RIVERUSDT,1
2025-11-02T22:22:24.361299+00:00,2025-11-02,UNIFIED,6.1414,0.0000,0.0000,,RIVERUSDT,1
2025-11-02T22:22:58.241723+00:00,2025-11-02,UNIFIED,5.5058,0.0000,0.0000,,RIVERUSDT,1
2025-11-02T22:23:31.956467+00:00,2025-11-02,UNIFIED,5.1883,0.0000,0.0000,,RIVERUSDT,1
2025-11-02T22:24:05.547941+00:00,2025-11-02,UNIFIED,5.1303,0.0000,0.0000,,RIVERUSDT,1
2025-11-02T22:24:39.217283+00:00,2025-11-02,UNIFIED,4.7453,0.0000,0.0000,,RIVERUSDT,1
2025-11-02T22:25:13.439367+00:00,2025-11-02,UNIFIED,15.4436,0.0000,0.0000,,RIVERUSDT,1
2025-11-02T22:25:46.698050+00:00,2025-11-02,UNIFIED,15.4697,0.0000,0.0000,,RIVERUSDT,1
2025-11-02T22:26:20.083299+00:00,2025-11-02,UNIFIED,15.6991,0.0000,0.0000,,RIVERUSDT,1
2025-11-02T22:26:53.466628+00:00,2025-11-02,UNIFIED,16.5616,0.0000,0.0000,,RIVERUSDT,1
2025-11-02T22:27:26.761762+00:00,2025-11-02,UNIFIED,16.4795,0.0000,0.0000,,RIVERUSDT,1
2025-11-02T22:28:00.048066+00:00,2025-11-02,UNIFIED,17.3773,0.0000,0.0000,,RIVERUSDT,1
2025-11-02T22:28:33.281063+00:00,2025-11-02,UNIFIED,16.6417,0.0000,0.0000,,RIVERUSDT,1
2025-11-02T22:29:06.780821+00:00,2025-11-02,UNIFIED,17.6062,0.0000,0.0000,,RIVERUSDT,1
2025-11-02T22:29:40.695054+00:00,2025-11-02,UNIFIED,17.2083,0.0000,0.0000,,RIVERUSDT,1
2025-11-02T22:30:14.130750+00:00,2025-11-02,UNIFIED,17.4705,0.0000,0.0000,,RIVERUSDT,1
2025-11-02T22:30:47.608851+00:00,2025-11-02,UNIFIED,16.6184,0.0000,0.0000,,RIVERUSDT,1
2025-11-02T22:31:21.229199+00:00,2025-11-02,UNIFIED,16.6722,0.0000,0.0000,,RIVERUSDT,1
2025-11-02T22:31:54.592450+00:00,2025-11-02,UNIFIED,17.0538,0.0000,0.0000,,RIVERUSDT,1
2025-11-02T22:32:28.246041+00:00,2025-11-02,UNIFIED,17.3211,0.0000,0.0000,,RIVERUSDT,1
2025-11-02T22:33:01.567453+00:00,2025-11-02,UNIFIED,18.6545,0.0000,0.0000,,RIVERUSDT,1
2025-11-02T22:33:35.365502+00:00,2025-11-02,UNIFIED,18.5403,0.0000,0.0000,,RIVERUSDT,1
2025-11-02T22:34:08.754941+00:00,2025-11-02,UNIFIED,18.2535,0.0000,0.0000,,RIVERUSDT,1
2025-11-02T22:34:42.197201+00:00,2025-11-02,UNIFIED,18.4974,0.0000,0.0000,,RIVERUSDT,1
2025-11-02T22:35:15.712150+00:00,2025-11-02,UNIFIED,19.6646,0.0000,0.0000,,RIVERUSDT,1
2025-11-02T22:35:49.055513+00:00,2025-11-02,UNIFIED,21.4445,0.0000,0.0000,,RIVERUSDT,1
2025-11-02T22:36:22.381533+00:00,2025-11-02,UNIFIED,21.7150,0.0000,0.0000,,RIVERUSDT,1
2025-11-02T22:36:55.664548+00:00,2025-11-02,UNIFIED,17.3207,0.0000,0.0000,,RIVERUSDT,1
2025-11-02T22:37:28.891711+00:00,2025-11-02,UNIFIED,16.1482,0.0000,0.0000,,RIVERUSDT,1
2025-11-02T22:38:02.362430+00:00,2025-11-02,UNIFIED,15.6965,0.0000,0.0000,,RIVERUSDT,1
2025-11-02T22:38:35.689396+00:00,2025-11-02,UNIFIED,14.4837,0.0000,0.0000,,RIVERUSDT,1
2025-11-02T22:39:08.975514+00:00,2025-11-02,UNIFIED,14.2525,0.0000,0.0000,,RIVERUSDT,1
2025-11-02T22:39:42.144411+00:00,2025-11-02,UNIFIED,14.0997,0.0000,0.0000,,RIVERUSDT,1
2025-11-02T22:40:15.385271+00:00,2025-11-02,UNIFIED,12.9591,0.0000,0.0000,,RIVERUSDT,1
2025-11-02T22:40:48.706325+00:00,2025-11-02,UNIFIED,11.8761,0.0000,0.0000,,RIVERUSDT,1
2025-11-02T22:41:22.971767+00:00,2025-11-02,UNIFIED,13.3844,0.0000,0.0000,,RIVERUSDT,1
2025-11-02T22:41:56.197258+00:00,2025-11-02,UNIFIED,13.2657,0.0000,0.0000,,RIVERUSDT,1
2025-11-02T22:42:29.618352+00:00,2025-11-02,UNIFIED,13.2424,0.0000,0.0000,,RIVERUSDT,1
2025-11-02T22:43:02.871723+00:00,2025-11-02,UNIFIED,13.1059,0.0000,0.0000,,RIVERUSDT,1
2025-11-02T22:43:36.178275+00:00,2025-11-02,UNIFIED,13.1079,0.0000,0.0000,,RIVERUSDT,1
2025-11-02T22:44:09.484432+00:00,2025-11-02,UNIFIED,12.5083,0.0000,0.0000,,RIVERUSDT,1
2025-11-02T22:44:42.704528+00:00,2025-11-02,UNIFIED,11.8435,0.0000,0.0000,,RIVERUSDT,1
2025-11-02T22:45:16.038722+00:00,2025-11-02,UNIFIED,11.8281,0.0000,0.0000,,RIVERUSDT,1
2025-11-02T22:45:49.501422+00:00,2025-11-02,UNIFIED,11.9308,0.0000,0.0000,,RIVERUSDT,1
2025-11-02T22:46:22.795814+00:00,2025-11-02,UNIFIED,12.2479,0.0000,0.0000,,RIVERUSDT,1
2025-11-02T22:46:56.062359+00:00,2025-11-02,UNIFIED,12.2336,0.0000,0.0000,,RIVERUSDT,1
2025-11-02T22:47:29.254452+00:00,2025-11-02,UNIFIED,11.7868,0.0000,0.0000,,RIVERUSDT,1
2025-11-02T22:48:02.747258+00:00,2025-11-02,UNIFIED,9.1666,0.0000,0.0000,,RIVERUSDT,1
2025-11-02T22:48:36.006789+00:00,2025-11-02,UNIFIED,10.2452,0.0000,0.0000,,RIVERUSDT,1
2025-11-02T22:49:09.440937+00:00,2025-11-02,UNIFIED,10.2136,0.0000,0.0000,,RIVERUSDT,1
2025-11-02T22:49:42.630339+00:00,2025-11-02,UNIFIED,9.6665,0.0000,0.0000,,RIVERUSDT,1
2025-11-02T22:50:15.934447+00:00,2025-11-02,UNIFIED,9.6061,0.0000,0.0000,,RIVERUSDT,1
2025-11-02T22:50:49.135292+00:00,2025-11-02,UNIFIED,9.2933,0.0000,0.0000,,RIVERUSDT,1
2025-11-02T22:51:22.407327+00:00,2025-11-02,UNIFIED,9.1994,0.0000,0.0000,,RIVERUSDT,1
2025-11-02T22:51:55.655013+00:00,2025-11-02,UNIFIED,8.8936,0.0000,0.0000,,RIVERUSDT,1
2025-11-02T22:52:29.478724+00:00,2025-11-02,UNIFIED,8.2968,0.0000,0.0000,,,0
2025-11-02T22:53:02.799684+00:00,2025-11-02,UNIFIED,8.1556,0.0000,0.0000,,RIVERUSDT,1
2025-11-02T22:53:36.207018+00:00,2025-11-02,UNIFIED,8.0549,0.0000,0.0000,,RIVERUSDT,1
2025-11-02T22:54:09.498761+00:00,2025-11-02,UNIFIED,7.9245,0.0000,0.0000,,RIVERUSDT,1
2025-11-02T22:54:42.715024+00:00,2025-11-02,UNIFIED,7.9864,0.0000,0.0000,,RIVERUSDT,1
2025-11-02T22:55:16.355104+00:00,2025-11-02,UNIFIED,7.6865,0.0000,0.0000,,RIVERUSDT,1
2025-11-02T22:55:49.692051+00:00,2025-11-02,UNIFIED,7.5221,0.0000,0.0000,,RIVERUSDT,1
2025-11-02T22:56:23.354234+00:00,2025-11-02,UNIFIED,6.5495,0.0000,0.0000,,,0
2025-11-02T22:56:57.133123+00:00,2025-11-02,UNIFIED,7.1229,0.0000,0.0000,,RIVERUSDT,1
2025-11-02T22:57:30.382830+00:00,2025-11-02,UNIFIED,6.5218,0.0000,0.0000,,RIVERUSDT,1
2025-11-02T22:58:03.671321+00:00,2025-11-02,UNIFIED,5.6637,0.0000,0.0000,,RIVERUSDT,1
2025-11-02T22:58:37.214415+00:00,2025-11-02,UNIFIED,5.6182,0.0000,0.0000,,RIVERUSDT,1
2025-11-02T22:59:10.410015+00:00,2025-11-02,UNIFIED,5.4064,0.0000,0.0000,,RIVERUSDT,1
2025-11-02T22:59:43.638243+00:00,2025-11-02,UNIFIED,5.3587,0.0000,0.0000,,RIVERUSDT,1
2025-11-02T23:00:17.167075+00:00,2025-11-02,UNIFIED,5.5633,0.0000,0.0000,,RIVERUSDT,1
2025-11-02T23:00:50.611591+00:00,2025-11-02,UNIFIED,5.8804,0.0000,0.0000,,RIVERUSDT,1
2025-11-02T23:01:24.422445+00:00,2025-11-02,UNIFIED,5.7028,0.0000,0.0000,,RIVERUSDT,1
2025-11-02T23:01:58.767652+00:00,2025-11-02,UNIFIED,5.4593,0.0000,0.0000,,VIRTUALUSDT,1
2025-11-02T23:02:32.531433+00:00,2025-11-02,UNIFIED,5.3152,0.0000,0.0000,,VIRTUALUSDT,1
2025-11-02T23:03:06.226020+00:00,2025-11-02,UNIFIED,5.7201,0.0000,0.0000,,VIRTUALUSDT,1
2025-11-02T23:03:40.091080+00:00,2025-11-02,UNIFIED,5.8996,0.0000,0.0000,,VIRTUALUSDT,1
2025-11-02T23:04:13.808190+00:00,2025-11-02,UNIFIED,5.1372,0.0000,0.0000,,VIRTUALUSDT,1
2025-11-02T23:04:47.794956+00:00,2025-11-02,UNIFIED,5.3076,0.0000,0.0000,,VIRTUALUSDT,1
2025-11-02T23:05:21.432563+00:00,2025-11-02,UNIFIED,4.0993,0.0000,0.0000,,,0
2025-11-02T23:05:54.968544+00:00,2025-11-02,UNIFIED,4.0725,0.0000,0.0000,,RIVERUSDT,1
2025-11-02T23:06:28.718976+00:00,2025-11-02,UNIFIED,4.2415,0.0000,0.0000,,RIVERUSDT,1
2025-11-02T23:07:02.158221+00:00,2025-11-02,UNIFIED,4.2035,0.0000,0.0000,,RIVERUSDT,1
2025-11-02T23:07:36.075072+00:00,2025-11-02,UNIFIED,3.7620,0.0000,0.0000,,RIVERUSDT,1
2025-11-02T23:08:09.900867+00:00,2025-11-02,UNIFIED,3.7122,0.0000,0.0000,,RIVERUSDT,1
2025-11-02T23:08:43.364421+00:00,2025-11-02,UNIFIED,3.6149,0.0000,0.0000,,RIVERUSDT,1
2025-11-02T23:09:16.789116+00:00,2025-11-02,UNIFIED,3.6533,0.0000,0.0000,,RIVERUSDT,1
2025-11-02T23:09:50.475686+00:00,2025-11-02,UNIFIED,3.5696,0.0000,0.0000,,RIVERUSDT,1
2025-11-02T23:10:23.841033+00:00,2025-11-02,UNIFIED,3.7391,0.0000,0.0000,,RIVERUSDT,1
2025-11-02T23:10:57.722149+00:00,2025-11-02,UNIFIED,3.6718,0.0000,0.0000,,RIVERUSDT,1
2025-11-02T23:11:31.273613+00:00,2025-11-02,UNIFIED,3.3970,0.0000,0.0000,,,0
2025-11-02T23:12:04.694418+00:00,2025-11-02,UNIFIED,3.4333,0.0000,0.0000,,RIVERUSDT,1
2025-11-02T23:12:38.206082+00:00,2025-11-02,UNIFIED,3.4203,0.0000,0.0000,,RIVERUSDT,1
2025-11-02T23:13:11.783020+00:00,2025-11-02,UNIFIED,3.4089,0.0000,0.0000,,RIVERUSDT,1
2025-11-02T23:13:45.303134+00:00,2025-11-02,UNIFIED,3.4673,0.0000,0.0000,,RIVERUSDT,1
2025-11-02T23:14:19.359373+00:00,2025-11-02,UNIFIED,3.4713,0.0000,0.0000,,RIVERUSDT,1
2025-11-02T23:14:52.962449+00:00,2025-11-02,UNIFIED,3.5155,0.0000,0.0000,,RIVERUSDT,1
2025-11-02T23:15:26.810404+00:00,2025-11-02,UNIFIED,3.4425,0.0000,0.0000,,RIVERUSDT,1
2025-11-02T23:16:00.312355+00:00,2025-11-02,UNIFIED,3.1752,0.0000,0.0000,,RIVERUSDT,1
2025-11-02T23:16:34.416457+00:00,2025-11-02,UNIFIED,3.0352,0.0000,0.0000,,RIVERUSDT,1
2025-11-02T23:17:08.194446+00:00,2025-11-02,UNIFIED,3.0057,0.0000,0.0000,,RIVERUSDT,1
2025-11-02T23:17:42.173971+00:00,2025-11-02,UNIFIED,2.7900,0.0000,0.0000,,RIVERUSDT,1
2025-11-02T23:18:15.926953+00:00,2025-11-02,UNIFIED,2.7927,0.0000,0.0000,,RIVERUSDT,1
2025-11-02T23:18:49.736147+00:00,2025-11-02,UNIFIED,2.6825,0.0000,0.0000,,RIVERUSDT,1
2025-11-02T23:19:23.541999+00:00,2025-11-02,UNIFIED,2.6225,0.0000,0.0000,,RIVERUSDT,1
2025-11-02T23:19:57.240692+00:00,2025-11-02,UNIFIED,2.5543,0.0000,0.0000,,RIVERUSDT,1
2025-11-02T23:20:30.828581+00:00,2025-11-02,UNIFIED,2.6095,0.0000,0.0000,,RIVERUSDT,1
2025-11-02T23:21:04.678615+00:00,2025-11-02,UNIFIED,2.6195,0.0000,0.0000,,RIVERUSDT,1
2025-11-02T23:21:38.550325+00:00,2025-11-02,UNIFIED,2.6198,0.0000,0.0000,,RIVERUSDT,1
2025-11-02T23:22:12.361951+00:00,2025-11-02,UNIFIED,2.6005,0.0000,0.0000,,RIVERUSDT,1
2025-11-02T23:22:46.460066+00:00,2025-11-02,UNIFIED,2.8092,0.0000,0.0000,,RIVERUSDT,1
2025-11-02T23:23:20.340648+00:00,2025-11-02,UNIFIED,2.8173,0.0000,0.0000,,RIVERUSDT,1
2025-11-02T23:23:53.991449+00:00,2025-11-02,UNIFIED,2.7786,0.0000,0.0000,,RIVERUSDT,1
2025-11-02T23:24:27.660821+00:00,2025-11-02,UNIFIED,2.8786,0.0000,0.0000,,RIVERUSDT,1
2025-11-02T23:25:01.308320+00:00,2025-11-02,UNIFIED,2.8472,0.0000,0.0000,,RIVERUSDT,1
2025-11-02T23:25:35.048178+00:00,2025-11-02,UNIFIED,2.8170,0.0000,0.0000,,RIVERUSDT,1
2025-11-02T23:26:08.718781+00:00,2025-11-02,UNIFIED,2.7758,0.0000,0.0000,,RIVERUSDT,1
2025-11-02T23:26:42.503095+00:00,2025-11-02,UNIFIED,2.7372,0.0000,0.0000,,RIVERUSDT,1
2025-11-02T23:27:16.457511+00:00,2025-11-02,UNIFIED,2.6490,0.0000,0.0000,,RIVERUSDT,1
2025-11-02T23:27:50.221981+00:00,2025-11-02,UNIFIED,2.6210,0.0000,0.0000,,RIVERUSDT,1
2025-11-02T23:28:24.007445+00:00,2025-11-02,UNIFIED,2.6095,0.0000,0.0000,,RIVERUSDT,1
2025-11-02T23:28:57.970753+00:00,2025-11-02,UNIFIED,2.5790,0.0000,0.0000,,RIVERUSDT,1
2025-11-02T23:29:31.972564+00:00,2025-11-02,UNIFIED,2.7041,0.0000,0.0000,,RIVERUSDT,1
2025-11-02T23:30:05.455128+00:00,2025-11-02,UNIFIED,2.7663,0.0000,0.0000,,RIVERUSDT,1
2025-11-02T23:30:39.180299+00:00,2025-11-02,UNIFIED,2.7567,0.0000,0.0000,,RIVERUSDT,1
2025-11-02T23:31:12.834642+00:00,2025-11-02,UNIFIED,2.6978,0.0000,0.0000,,RIVERUSDT,1
2025-11-02T23:31:46.731847+00:00,2025-11-02,UNIFIED,2.8261,0.0000,0.0000,,RIVERUSDT,1
2025-11-02T23:32:20.325399+00:00,2025-11-02,UNIFIED,3.0009,0.0000,0.0000,,RIVERUSDT,1
2025-11-02T23:32:54.094760+00:00,2025-11-02,UNIFIED,3.6759,0.0000,0.0000,,RIVERUSDT,1
2025-11-02T23:33:27.833724+00:00,2025-11-02,UNIFIED,3.6648,0.0000,0.0000,,RIVERUSDT,1
2025-11-02T23:34:01.483519+00:00,2025-11-02,UNIFIED,3.7834,0.0000,0.0000,,RIVERUSDT,1
2025-11-02T23:34:35.103197+00:00,2025-11-02,UNIFIED,3.9528,0.0000,0.0000,,RIVERUSDT,1
2025-11-02T23:35:08.808496+00:00,2025-11-02,UNIFIED,3.9321,0.0000,0.0000,,RIVERUSDT,1
2025-11-02T23:35:43.117483+00:00,2025-11-02,UNIFIED,4.1302,0.0000,0.0000,,RIVERUSDT,1
2025-11-02T23:36:18.054580+00:00,2025-11-02,UNIFIED,4.6967,0.0000,0.0000,,RIVERUSDT,1
2025-11-02T23:36:51.826267+00:00,2025-11-02,UNIFIED,4.7166,0.0000,0.0000,,RIVERUSDT,1
2025-11-02T23:37:25.714943+00:00,2025-11-02,UNIFIED,4.7461,0.0000,0.0000,,RIVERUSDT,1
2025-11-02T23:38:00.081308+00:00,2025-11-02,UNIFIED,4.8639,0.0000,0.0000,,RIVERUSDT,1
2025-11-02T23:38:33.686086+00:00,2025-11-02,UNIFIED,5.1311,0.0000,0.0000,,RIVERUSDT,1
2025-11-02T23:39:07.506698+00:00,2025-11-02,UNIFIED,4.6462,0.0000,0.0000,,RIVERUSDT,1
2025-11-02T23:39:41.131955+00:00,2025-11-02,UNIFIED,4.5934,0.0000,0.0000,,RIVERUSDT,1
2025-11-02T23:40:14.600477+00:00,2025-11-02,UNIFIED,4.3451,0.0000,0.0000,,RIVERUSDT,1
2025-11-02T23:40:48.435500+00:00,2025-11-02,UNIFIED,4.1659,0.0000,0.0000,,RIVERUSDT,1
2025-11-02T23:41:22.053335+00:00,2025-11-02,UNIFIED,4.0876,0.0000,0.0000,,RIVERUSDT,1
2025-11-02T23:41:55.800399+00:00,2025-11-02,UNIFIED,3.9680,0.0000,0.0000,,RIVERUSDT,1
2025-11-02T23:42:29.629702+00:00,2025-11-02,UNIFIED,3.9793,0.0000,0.0000,,RIVERUSDT,1
2025-11-02T23:43:03.533748+00:00,2025-11-02,UNIFIED,3.8349,0.0000,0.0000,,RIVERUSDT,1
2025-11-02T23:43:37.250310+00:00,2025-11-02,UNIFIED,3.9218,0.0000,0.0000,,RIVERUSDT,1
2025-11-02T23:44:10.671607+00:00,2025-11-02,UNIFIED,3.9613,0.0000,0.0000,,RIVERUSDT,1
2025-11-02T23:44:44.405392+00:00,2025-11-02,UNIFIED,3.8608,0.0000,0.0000,,RIVERUSDT,1
2025-11-02T23:45:18.312109+00:00,2025-11-02,UNIFIED,3.6518,0.0000,0.0000,,RIVERUSDT,1
2025-11-02T23:45:52.095607+00:00,2025-11-02,UNIFIED,3.5023,0.0000,0.0000,,RIVERUSDT,1
2025-11-02T23:46:25.844737+00:00,2025-11-02,UNIFIED,3.3555,0.0000,0.0000,,RIVERUSDT,1
2025-11-02T23:46:59.627640+00:00,2025-11-02,UNIFIED,3.2669,0.0000,0.0000,,RIVERUSDT,1
2025-11-02T23:47:33.559053+00:00,2025-11-02,UNIFIED,3.2868,0.0000,0.0000,,RIVERUSDT,1
2025-11-02T23:48:07.517541+00:00,2025-11-02,UNIFIED,3.3283,0.0000,0.0000,,RIVERUSDT,1
2025-11-02T23:48:41.231286+00:00,2025-11-02,UNIFIED,3.1377,0.0000,0.0000,,RIVERUSDT,1
2025-11-02T23:49:15.062192+00:00,2025-11-02,UNIFIED,3.2154,0.0000,0.0000,,RIVERUSDT,1
2025-11-02T23:49:48.797640+00:00,2025-11-02,UNIFIED,3.2853,0.0000,0.0000,,RIVERUSDT,1
2025-11-02T23:50:22.724856+00:00,2025-11-02,UNIFIED,3.3070,0.0000,0.0000,,RIVERUSDT,1
2025-11-02T23:50:56.520195+00:00,2025-11-02,UNIFIED,3.2084,0.0000,0.0000,,RIVERUSDT,1
2025-11-02T23:51:30.369128+00:00,2025-11-02,UNIFIED,3.3801,0.0000,0.0000,,RIVERUSDT,1
2025-11-02T23:52:03.935053+00:00,2025-11-02,UNIFIED,3.3620,0.0000,0.0000,,RIVERUSDT,1
2025-11-02T23:52:37.573858+00:00,2025-11-02,UNIFIED,3.3347,0.0000,0.0000,,RIVERUSDT,1
2025-11-02T23:53:11.200893+00:00,2025-11-02,UNIFIED,3.3165,0.0000,0.0000,,RIVERUSDT,1
2025-11-02T23:53:45.000631+00:00,2025-11-02,UNIFIED,3.3578,0.0000,0.0000,,RIVERUSDT,1
2025-11-02T23:54:18.728856+00:00,2025-11-02,UNIFIED,3.2876,0.0000,0.0000,,RIVERUSDT,1
2025-11-02T23:54:52.129909+00:00,2025-11-02,UNIFIED,3.2811,0.0000,0.0000,,RIVERUSDT,1
2025-11-02T23:55:25.595723+00:00,2025-11-02,UNIFIED,3.4386,0.0000,0.0000,,RIVERUSDT,1
2025-11-02T23:56:00.897557+00:00,2025-11-02,UNIFIED,3.3816,0.0000,0.0000,,RIVERUSDT,1
2025-11-02T23:56:34.765756+00:00,2025-11-02,UNIFIED,3.3890,0.0000,0.0000,,RIVERUSDT,1
2025-11-02T23:57:08.512108+00:00,2025-11-02,UNIFIED,3.3639,0.0000,0.0000,,RIVERUSDT,1
2025-11-02T23:57:42.024610+00:00,2025-11-02,UNIFIED,3.3765,0.0000,0.0000,,RIVERUSDT,1
2025-11-02T23:58:15.628548+00:00,2025-11-02,UNIFIED,3.3872,0.0000,0.0000,,RIVERUSDT,1
2025-11-02T23:58:49.266470+00:00,2025-11-02,UNIFIED,3.5836,0.0000,0.0000,,RIVERUSDT,1
2025-11-02T23:59:22.850492+00:00,2025-11-02,UNIFIED,3.6139,0.0000,0.0000,,RIVERUSDT,1
2025-11-02T23:59:56.309612+00:00,2025-11-02,UNIFIED,3.7281,0.0000,0.0000,,RIVERUSDT,1
2025-11-03T00:00:29.937171+00:00,2025-11-03,UNIFIED,3.7493,0.0000,0.0000,,RIVERUSDT,1
2025-11-03T00:01:03.528776+00:00,2025-11-03,UNIFIED,3.8561,0.0000,0.0000,,RIVERUSDT,1
2025-11-03T00:01:37.144553+00:00,2025-11-03,UNIFIED,3.7197,0.0000,0.0000,,RIVERUSDT,1
2025-11-03T00:02:10.793387+00:00,2025-11-03,UNIFIED,3.5810,0.0000,0.0000,,RIVERUSDT,1
2025-11-03T00:02:44.153361+00:00,2025-11-03,UNIFIED,51.9787,0.0000,0.0000,,RIVERUSDT,1
2025-11-03T00:03:18.172559+00:00,2025-11-03,UNIFIED,51.8651,0.0000,0.0000,,RIVERUSDT,1
2025-11-03T00:03:51.968308+00:00,2025-11-03,UNIFIED,51.6356,0.0000,0.0000,,RIVERUSDT,1
2025-11-03T00:04:25.717263+00:00,2025-11-03,UNIFIED,51.5755,0.0000,0.0000,,RIVERUSDT,1
2025-11-03T00:04:59.863501+00:00,2025-11-03,UNIFIED,51.6627,0.0000,0.0000,,RIVERUSDT,1
2025-11-03T00:05:33.550318+00:00,2025-11-03,UNIFIED,51.2803,0.0000,0.0000,,RIVERUSDT,1
2025-11-03T00:06:07.316424+00:00,2025-11-03,UNIFIED,51.3815,0.0000,0.0000,,RIVERUSDT,1
2025-11-03T00:06:40.929352+00:00,2025-11-03,UNIFIED,51.3022,0.0000,0.0000,,RIVERUSDT,1
2025-11-03T00:07:14.620968+00:00,2025-11-03,UNIFIED,51.0907,0.0000,0.0000,,RIVERUSDT,1
2025-11-03T00:07:48.282353+00:00,2025-11-03,UNIFIED,51.0136,0.0000,0.0000,,RIVERUSDT,1
2025-11-03T00:08:22.157619+00:00,2025-11-03,UNIFIED,50.8841,0.0000,0.0000,,,0
2025-11-03T00:08:55.539913+00:00,2025-11-03,UNIFIED,50.8647,0.0000,0.0000,,,0
2025-11-03T00:09:29.513568+00:00,2025-11-03,UNIFIED,51.0003,0.0000,0.0000,,,0
2025-11-03T00:10:03.109784+00:00,2025-11-03,UNIFIED,53.3863,0.0000,0.0000,,PUMPFUNUSDT,1
2025-11-03T00:10:37.094283+00:00,2025-11-03,UNIFIED,54.1234,0.0000,0.0000,,PUMPFUNUSDT,1
2025-11-03T00:11:10.572516+00:00,2025-11-03,UNIFIED,50.3620,0.0000,0.0000,,PUMPFUNUSDT,1
2025-11-03T00:11:43.989563+00:00,2025-11-03,UNIFIED,50.3717,0.0000,0.0000,,PUMPFUNUSDT,1
2025-11-03T00:12:17.273689+00:00,2025-11-03,UNIFIED,49.2199,0.0000,0.0000,,"RIVERUSDT,PUMPFUNUSDT",2
2025-11-03T00:12:50.893001+00:00,2025-11-03,UNIFIED,49.5286,0.0000,0.0000,,"RIVERUSDT,PUMPFUNUSDT",2
2025-11-03T00:13:24.341919+00:00,2025-11-03,UNIFIED,52.1499,0.0000,0.0000,,"PUMPFUNUSDT,RIVERUSDT",2
2025-11-03T00:13:57.675156+00:00,2025-11-03,UNIFIED,51.7177,0.0000,0.0000,,"RIVERUSDT,PUMPFUNUSDT",2
2025-11-03T00:14:31.185581+00:00,2025-11-03,UNIFIED,52.0382,0.0000,0.0000,,"RIVERUSDT,PUMPFUNUSDT",2
2025-11-03T00:15:04.512522+00:00,2025-11-03,UNIFIED,47.8752,0.0000,0.0000,,"RIVERUSDT,PUMPFUNUSDT",2
2025-11-03T00:15:38.321514+00:00,2025-11-03,UNIFIED,46.8595,0.0000,0.0000,,"RIVERUSDT,PUMPFUNUSDT",2
2025-11-03T00:16:11.660227+00:00,2025-11-03,UNIFIED,47.0988,0.0000,0.0000,,"RIVERUSDT,PUMPFUNUSDT",2
2025-11-03T00:16:44.937978+00:00,2025-11-03,UNIFIED,50.6085,0.0000,0.0000,,"RIVERUSDT,PUMPFUNUSDT",2
2025-11-03T00:17:18.141794+00:00,2025-11-03,UNIFIED,50.9522,0.0000,0.0000,,"RIVERUSDT,PUMPFUNUSDT",2
2025-11-03T00:17:51.609853+00:00,2025-11-03,UNIFIED,45.7449,0.0000,0.0000,,"RIVERUSDT,PUMPFUNUSDT",2
2025-11-03T00:18:24.955685+00:00,2025-11-03,UNIFIED,46.4822,0.0000,0.0000,,PUMPFUNUSDT,1
2025-11-03T00:18:58.307609+00:00,2025-11-03,UNIFIED,46.4516,0.0000,0.0000,,PUMPFUNUSDT,1
2025-11-03T00:19:32.275818+00:00,2025-11-03,UNIFIED,46.4440,0.0000,0.0000,,PUMPFUNUSDT,1
2025-11-03T00:20:05.540851+00:00,2025-11-03,UNIFIED,48.1530,0.0000,0.0000,,PUMPFUNUSDT,1
2025-11-03T00:20:38.844221+00:00,2025-11-03,UNIFIED,49.8531,0.0000,0.0000,,PUMPFUNUSDT,1
2025-11-03T00:21:12.228739+00:00,2025-11-03,UNIFIED,43.0247,0.0000,0.0000,,PUMPFUNUSDT,1
2025-11-03T00:21:45.546650+00:00,2025-11-03,UNIFIED,42.5866,0.0000,0.0000,,PUMPFUNUSDT,1
2025-11-03T00:22:19.080765+00:00,2025-11-03,UNIFIED,43.8654,0.0000,0.0000,,PUMPFUNUSDT,1
2025-11-03T00:22:52.361259+00:00,2025-11-03,UNIFIED,44.2812,0.0000,0.0000,,PUMPFUNUSDT,1
2025-11-03T00:23:25.912845+00:00,2025-11-03,UNIFIED,42.1541,0.0000,0.0000,,PUMPFUNUSDT,1
2025-11-03T00:23:59.454438+00:00,2025-11-03,UNIFIED,40.8470,0.0000,0.0000,,PUMPFUNUSDT,1
2025-11-03T00:24:32.807474+00:00,2025-11-03,UNIFIED,41.2876,0.0000,0.0000,,PUMPFUNUSDT,1
2025-11-03T00:25:06.293338+00:00,2025-11-03,UNIFIED,39.5904,0.0000,0.0000,,PUMPFUNUSDT,1
2025-11-03T00:25:40.183065+00:00,2025-11-03,UNIFIED,40.4594,0.0000,0.0000,,PUMPFUNUSDT,1
2025-11-03T00:26:13.534388+00:00,2025-11-03,UNIFIED,39.1628,0.0000,0.0000,,PUMPFUNUSDT,1
2025-11-03T00:26:47.160864+00:00,2025-11-03,UNIFIED,38.2808,0.0000,0.0000,,PUMPFUNUSDT,1
2025-11-03T00:27:20.382640+00:00,2025-11-03,UNIFIED,33.8519,0.0000,0.0000,,,0
2025-11-03T00:27:53.795830+00:00,2025-11-03,UNIFIED,33.8463,0.0000,0.0000,,,0
2025-11-03T00:28:27.164724+00:00,2025-11-03,UNIFIED,33.1234,0.0000,0.0000,,RIVERUSDT,1
2025-11-03T00:29:00.651086+00:00,2025-11-03,UNIFIED,31.9214,0.0000,0.0000,,RIVERUSDT,1
2025-11-03T00:29:33.946532+00:00,2025-11-03,UNIFIED,32.0466,0.0000,0.0000,,RIVERUSDT,1
2025-11-03T00:30:07.226260+00:00,2025-11-03,UNIFIED,31.6576,0.0000,0.0000,,RIVERUSDT,1
2025-11-03T00:30:40.464155+00:00,2025-11-03,UNIFIED,31.5394,0.0000,0.0000,,RIVERUSDT,1
2025-11-03T00:31:13.771611+00:00,2025-11-03,UNIFIED,31.7994,0.0000,0.0000,,RIVERUSDT,1
2025-11-03T00:31:47.052545+00:00,2025-11-03,UNIFIED,31.5430,0.0000,0.0000,,RIVERUSDT,1
2025-11-03T00:32:20.991131+00:00,2025-11-03,UNIFIED,32.2308,0.0000,0.0000,,RIVERUSDT,1
2025-11-03T00:32:54.986523+00:00,2025-11-03,UNIFIED,31.8150,0.0000,0.0000,,RIVERUSDT,1
2025-11-03T00:33:29.765483+00:00,2025-11-03,UNIFIED,31.6983,0.0000,0.0000,,RIVERUSDT,1
2025-11-03T00:34:03.339899+00:00,2025-11-03,UNIFIED,30.9034,0.0000,0.0000,,RIVERUSDT,1
2025-11-03T00:34:36.535937+00:00,2025-11-03,UNIFIED,31.1514,0.0000,0.0000,,RIVERUSDT,1
2025-11-03T00:35:10.117051+00:00,2025-11-03,UNIFIED,31.9491,0.0000,0.0000,,RIVERUSDT,1
2025-11-03T00:35:47.138733+00:00,2025-11-03,UNIFIED,31.0338,0.0000,0.0000,,RIVERUSDT,1
2025-11-03T00:36:20.889620+00:00,2025-11-03,UNIFIED,30.9828,0.0000,0.0000,,RIVERUSDT,1
2025-11-03T00:36:54.706623+00:00,2025-11-03,UNIFIED,30.2033,0.0000,0.0000,,RIVERUSDT,1
2025-11-03T00:37:28.164129+00:00,2025-11-03,UNIFIED,30.6040,0.0000,0.0000,,RIVERUSDT,1
2025-11-03T00:38:01.568647+00:00,2025-11-03,UNIFIED,31.1454,0.0000,0.0000,,RIVERUSDT,1
2025-11-03T00:38:35.385246+00:00,2025-11-03,UNIFIED,32.3975,0.0000,0.0000,,RIVERUSDT,1
2025-11-03T00:39:08.701701+00:00,2025-11-03,UNIFIED,32.2384,0.0000,0.0000,,RIVERUSDT,1
2025-11-03T00:39:42.093502+00:00,2025-11-03,UNIFIED,33.0400,0.0000,0.0000,,RIVERUSDT,1
2025-11-03T00:40:15.532669+00:00,2025-11-03,UNIFIED,34.6613,0.0000,0.0000,,RIVERUSDT,1
2025-11-03T00:40:48.827148+00:00,2025-11-03,UNIFIED,34.8957,0.0000,0.0000,,RIVERUSDT,1
2025-11-03T00:41:22.254896+00:00,2025-11-03,UNIFIED,38.1930,0.0000,0.0000,,RIVERUSDT,1
2025-11-03T00:41:55.616574+00:00,2025-11-03,UNIFIED,39.2332,0.0000,0.0000,,RIVERUSDT,1
2025-11-03T00:42:29.144679+00:00,2025-11-03,UNIFIED,39.2724,0.0000,0.0000,,RIVERUSDT,1
2025-11-03T00:43:03.144295+00:00,2025-11-03,UNIFIED,38.6167,0.0000,0.0000,,RIVERUSDT,1
2025-11-03T00:43:36.754823+00:00,2025-11-03,UNIFIED,38.1423,0.0000,0.0000,,"VIRTUALUSDT,RIVERUSDT",2
2025-11-03T00:44:10.120688+00:00,2025-11-03,UNIFIED,37.7968,0.0000,0.0000,,"VIRTUALUSDT,RIVERUSDT",2
2025-11-03T00:44:43.694904+00:00,2025-11-03,UNIFIED,25.8696,0.0000,0.0000,,VIRTUALUSDT,1
2025-11-03T00:45:17.648446+00:00,2025-11-03,UNIFIED,25.7865,0.0000,0.0000,,VIRTUALUSDT,1
2025-11-03T00:45:51.162662+00:00,2025-11-03,UNIFIED,24.5424,0.0000,0.0000,,VIRTUALUSDT,1
2025-11-03T00:46:24.541290+00:00,2025-11-03,UNIFIED,24.5620,0.0000,0.0000,,VIRTUALUSDT,1
2025-11-03T00:46:58.084555+00:00,2025-11-03,UNIFIED,22.8433,0.0000,0.0000,,VIRTUALUSDT,1
2025-11-03T00:47:31.574047+00:00,2025-11-03,UNIFIED,22.6420,0.0000,0.0000,,VIRTUALUSDT,1
2025-11-03T00:48:05.098391+00:00,2025-11-03,UNIFIED,23.9357,0.0000,0.0000,,VIRTUALUSDT,1
2025-11-03T00:48:38.885781+00:00,2025-11-03,UNIFIED,22.4532,0.0000,0.0000,,VIRTUALUSDT,1
2025-11-03T00:49:12.747697+00:00,2025-11-03,UNIFIED,23.2746,0.0000,0.0000,,VIRTUALUSDT,1
2025-11-03T00:49:46.249251+00:00,2025-11-03,UNIFIED,24.5730,0.0000,0.0000,,VIRTUALUSDT,1
2025-11-03T00:50:19.777568+00:00,2025-11-03,UNIFIED,23.8664,0.0000,0.0000,,VIRTUALUSDT,1
2025-11-03T00:50:53.635878+00:00,2025-11-03,UNIFIED,24.9475,0.0000,0.0000,,VIRTUALUSDT,1
2025-11-03T00:51:27.281697+00:00,2025-11-03,UNIFIED,25.6873,0.0000,0.0000,,VIRTUALUSDT,1
2025-11-03T00:52:00.774245+00:00,2025-11-03,UNIFIED,27.1771,0.0000,0.0000,,VIRTUALUSDT,1
2025-11-03T00:52:34.108422+00:00,2025-11-03,UNIFIED,30.6691,0.0000,0.0000,,VIRTUALUSDT,1
2025-11-03T00:53:07.463659+00:00,2025-11-03,UNIFIED,30.8860,0.0000,0.0000,,VIRTUALUSDT,1
2025-11-03T00:53:41.011908+00:00,2025-11-03,UNIFIED,29.2028,0.0000,0.0000,,VIRTUALUSDT,1
2025-11-03T00:54:14.344902+00:00,2025-11-03,UNIFIED,30.4903,0.0000,0.0000,,VIRTUALUSDT,1
2025-11-03T00:54:48.171676+00:00,2025-11-03,UNIFIED,30.3302,0.0000,0.0000,,VIRTUALUSDT,1
2025-11-03T00:55:21.809382+00:00,2025-11-03,UNIFIED,29.9133,0.0000,0.0000,,VIRTUALUSDT,1
2025-11-03T00:55:55.289575+00:00,2025-11-03,UNIFIED,31.9935,0.0000,0.0000,,VIRTUALUSDT,1
2025-11-03T00:56:28.933469+00:00,2025-11-03,UNIFIED,34.1872,0.0000,0.0000,,VIRTUALUSDT,1
2025-11-03T00:57:02.637638+00:00,2025-11-03,UNIFIED,31.6802,0.0000,0.0000,,VIRTUALUSDT,1
2025-11-03T00:57:37.217026+00:00,2025-11-03,UNIFIED,32.2134,0.0000,0.0000,,VIRTUALUSDT,1
2025-11-03T00:58:10.959830+00:00,2025-11-03,UNIFIED,34.4953,0.0000,0.0000,,VIRTUALUSDT,1
2025-11-03T00:58:44.227389+00:00,2025-11-03,UNIFIED,33.5650,0.0000,0.0000,,VIRTUALUSDT,1
2025-11-03T00:59:18.118671+00:00,2025-11-03,UNIFIED,42.3274,0.0000,0.0000,,VIRTUALUSDT,1
2025-11-03T00:59:51.836012+00:00,2025-11-03,UNIFIED,46.9955,0.0000,0.0000,,VIRTUALUSDT,1
